#pragma once

#include <cstddef>
#include <cstdint>

namespace tabletennis::native::player_6ae_geometry_probe_shader {

inline constexpr char kHlsl[] = R"TT6AE(// Observer-only geometry tracer for the BBB580AA5620D2A6 / 6AE43640A86B33D8
// player family. This ports the real 36-byte skinned vertex path and the
// instruction-19..59 normal/diffuse material stage. It is deliberately not
// the final 6AE pixel-material port and must never suppress a guest draw.

cbuffer Player6AEProbeConstants : register(b0) {
  float4 player_6ae_world_to_clip[4];
  float4 player_6ae_vertex_constant_19;
  float4 player_6ae_vertex_constants_29_36[8];
  float4 player_6ae_vertex_constant_46;
  float4 player_6ae_vertex_constant_47;
  float4 player_6ae_vertex_constant_255;
  float4 player_6ae_pixel_constant_19;
  float4 player_6ae_pixel_constants_21_27[7];
  float4 player_6ae_pixel_constants_46_70[25];
  float4 player_6ae_pixel_constants_254_255[2];
  // x: vf95 base byte, y: vf92 base byte, z: vf92 record count,
  // w: exact vf95 stride (36).
  uint4 player_6ae_buffer_layout;
  float4 player_6ae_probe_tint;
};

#if defined(TABLETENNIS_VULKAN)
StructuredBuffer<uint> player_6ae_vertex_words : register(t1, space0);
StructuredBuffer<uint2> player_6ae_palette_word_pairs : register(t2, space0);
Texture2D player_6ae_texture_tf0 : register(t0, space1);
Texture2D player_6ae_texture_tf1 : register(t1, space1);
Texture2D player_6ae_texture_tf2 : register(t2, space1);
Texture2D player_6ae_texture_tf3 : register(t3, space1);
Texture2D player_6ae_texture_tf4 : register(t4, space1);
Texture2D player_6ae_texture_tf5 : register(t5, space1);
SamplerState player_6ae_wrap_sampler : register(s3, space0);
SamplerState player_6ae_point_clamp_sampler : register(s4, space0);
SamplerState player_6ae_linear_clamp_sampler : register(s5, space0);
#else
StructuredBuffer<uint> player_6ae_vertex_words : register(t0);
StructuredBuffer<uint2> player_6ae_palette_word_pairs : register(t1);
Texture2D player_6ae_texture_tf0 : register(t2);
Texture2D player_6ae_texture_tf1 : register(t3);
Texture2D player_6ae_texture_tf2 : register(t4);
Texture2D player_6ae_texture_tf3 : register(t5);
Texture2D player_6ae_texture_tf4 : register(t6);
Texture2D player_6ae_texture_tf5 : register(t7);
SamplerState player_6ae_wrap_sampler : register(s0);
SamplerState player_6ae_point_clamp_sampler : register(s1);
SamplerState player_6ae_linear_clamp_sampler : register(s2);
#endif

static const uint kPlayer6AEVertexStride = 36u;
static const uint kPlayer6AEPaletteStride = 28u;

struct Player6AEBoneBasis {
  float3 column0;
  float3 column1;
  float3 column2;
  float3 translation;
};

uint Player6AEByteSwap32(uint value) {
  return ((value & 0x000000FFu) << 24u) |
         ((value & 0x0000FF00u) << 8u) |
         ((value & 0x00FF0000u) >> 8u) |
         ((value & 0xFF000000u) >> 24u);
}

uint Player6AELoadVertexWord(uint byte_address) {
  return Player6AEByteSwap32(
      player_6ae_vertex_words[byte_address >> 2u]);
}

float Player6AELoadVertexFloat(uint byte_address) {
  return asfloat(Player6AELoadVertexWord(byte_address));
}

uint Player6AELoadPaletteWord(uint byte_address) {
  const uint word_index = byte_address >> 2u;
  const uint2 pair =
      player_6ae_palette_word_pairs[word_index >> 1u];
  return Player6AEByteSwap32(
      (word_index & 1u) != 0u ? pair.y : pair.x);
}

float Player6AELoadPaletteFloat(uint byte_address) {
  return asfloat(Player6AELoadPaletteWord(byte_address));
}

Player6AEBoneBasis Player6AELoadBone(uint bone_index) {
  const uint base =
      player_6ae_buffer_layout.y +
      bone_index * kPlayer6AEPaletteStride;
  const float4 quaternion = float4(
      Player6AELoadPaletteFloat(base + 0u),
      Player6AELoadPaletteFloat(base + 4u),
      Player6AELoadPaletteFloat(base + 8u),
      Player6AELoadPaletteFloat(base + 12u));
  const float3 translation = float3(
      Player6AELoadPaletteFloat(base + 16u),
      Player6AELoadPaletteFloat(base + 20u),
      Player6AELoadPaletteFloat(base + 24u));

  const float x = quaternion.x;
  const float y = quaternion.y;
  const float z = quaternion.z;
  const float w = quaternion.w;
  // Keep the BBB580AA5620D2A6 ALU sequence intact. In particular, the guest
  // reconstructs the third column as the cross product of the first two
  // rather than evaluating the generic closed-form quaternion matrix.
  const float r9x = 2.0f * (x * y - z * w);
  const float r9y = 2.0f * (x * z - y * w);
  const float r9z = 1.0f - 2.0f * (y * y + z * z);
  const float r2x = 2.0f * (x * y + z * w);
  const float r2y = 2.0f * (y * z + x * w);
  const float r2w = 1.0f - 2.0f * (x * x + z * z);
  const float r0x = r2x * r2y - r9y * r2w;
  const float r0z = r9y * r9x - r9z * r2y;
  const float r0y = -r2x * r9x + r9z * r2w;

  Player6AEBoneBasis bone;
  bone.column0 = float3(r9z, r2x, r9y);
  bone.column1 = float3(r9x, r2w, r2y);
  bone.column2 = float3(r0x, r0z, r0y);
  bone.translation = translation;
  return bone;
}

Player6AEBoneBasis Player6AEBlendBones(
    float4 weights, uint4 bone_indices) {
  Player6AEBoneBasis blended;
  blended.column0 = 0.0f;
  blended.column1 = 0.0f;
  blended.column2 = 0.0f;
  blended.translation = 0.0f;

  [unroll]
  for (uint influence = 0u; influence < 4u; ++influence) {
    if (weights[influence] <= 0.0f ||
        bone_indices[influence] >= player_6ae_buffer_layout.z) {
      continue;
    }
    const Player6AEBoneBasis bone =
        Player6AELoadBone(bone_indices[influence]);
    blended.column0 += bone.column0 * weights[influence];
    blended.column1 += bone.column1 * weights[influence];
    blended.column2 += bone.column2 * weights[influence];
    blended.translation += bone.translation * weights[influence];
  }
  return blended;
}

float3 Player6AETransformDirection(
    Player6AEBoneBasis basis, float3 value) {
  return basis.column0 * value.x +
         basis.column1 * value.y +
         basis.column2 * value.z;
}

float4 Player6AETransformPosition(float3 world_position) {
  // BBB580AA5620D2A6 instructions 132-137:
  //   r2 = z * c13.wzyx
  //   r5 = y * c12.xzwy + r2.wyxz
  //   r5 = x * c14.yzxw + r5.wyxz
  //   oPos = r5.zxyw + c15
  // Resolving those temporary swizzles gives this exact row selection.
  return world_position.x * player_6ae_world_to_clip[2] +
         world_position.y * player_6ae_world_to_clip[0] +
         world_position.z * player_6ae_world_to_clip[1] +
         player_6ae_world_to_clip[3];
}

// Faithful output port for BBB580AA5620D2A6 instructions 114-161.
//
// The geometry probe originally emitted only o0.xy because its diagnostic
// pixel shader needed just the base UV. The real 6AE pixel program consumes
// all seven interpolators. Keep this helper independent of the probe pixel
// shader so the vertex contract can be verified before the material port is
// allowed anywhere near serving.

struct Player6AEBBB580Varyings {
  float4 position : SV_Position;
  float4 interpolator0 : TEXCOORD0;
  float4 interpolator1 : TEXCOORD1;
  float4 interpolator2 : TEXCOORD2;
  float4 interpolator3 : TEXCOORD3;
  float4 interpolator4 : TEXCOORD4;
  float4 interpolator5 : TEXCOORD5;
  float4 interpolator6 : TEXCOORD6;
};

float Player6AEBBB580Signed10(uint packed, uint shift) {
  const uint field = (packed >> shift) & 0x3FFu;
  return float(int(field << 22u) >> 22);
}

float Player6AEBBB580Signed2(uint packed) {
  const uint field = (packed >> 30u) & 0x3u;
  return float(int(field << 30u) >> 30);
}

float4 Player6AEBBB580DecodeSigned1010102(uint packed) {
  // Both BBB580 vfetches specify Signed=true, NumFormat=integer. There is no
  // normalized conversion: the 10-bit fields remain in [-512, 511], and the
  // handedness field remains in [-2, 1].
  return float4(
      Player6AEBBB580Signed10(packed, 0u),
      Player6AEBBB580Signed10(packed, 10u),
      Player6AEBBB580Signed10(packed, 20u),
      Player6AEBBB580Signed2(packed));
}

float3 Player6AEBBB580SafeNormalize(float3 value) {
  const float length_squared = dot(value, value);
  return length_squared > 0.0f
             ? value * rsqrt(length_squared)
             : float3(0.0f, 0.0f, 0.0f);
}

float3 Player6AEBBB580TransformPackedDirection(
    Player6AEBoneBasis basis, float3 value) {
  // Instructions 114-119 build the direction in yzx world order. This is
  // the same skin basis used by the position path, followed by its explicit
  // register swizzle.
  return Player6AETransformDirection(basis, value).yzx;
}

float4 Player6AEBBB580AffineProjection(
    float3 world_yzx, uint first_constant) {
  const uint first_row = first_constant - 29u;
  const float4 row0 =
      player_6ae_vertex_constants_29_36[first_row + 0u];
  const float4 row1 =
      player_6ae_vertex_constants_29_36[first_row + 1u];
  const float4 row2 =
      player_6ae_vertex_constants_29_36[first_row + 2u];
  const float4 row3 =
      player_6ae_vertex_constants_29_36[first_row + 3u];
  return float4(
      dot(world_yzx, row0.xyz) + row0.w,
      dot(world_yzx, row1.xyz) + row1.w,
      dot(world_yzx, row2.xyz) + row2.w,
      dot(world_yzx, row3.xyz) + row3.w);
}

Player6AEBBB580Varyings Player6AEBBB580BuildVaryings(
    float3 world_position,
    float2 texture_coordinate,
    float4 packed_direction0,
    float4 packed_direction1,
    Player6AEBoneBasis skin) {
  // BBB580 instructions 114-138. r5 (offset 20) becomes o2, while r4
  // (offset 32) becomes o3. o4 is their normalized cross product multiplied
  // by the offset-32 signed 2-bit handedness component.
  const float3 direction0 = Player6AEBBB580SafeNormalize(
      Player6AEBBB580TransformPackedDirection(
          skin, packed_direction0.xyz));
  const float3 direction1 = Player6AEBBB580SafeNormalize(
      Player6AEBBB580TransformPackedDirection(
          skin, packed_direction1.xyz));
  const float3 cross_direction =
      cross(direction1, direction0) * packed_direction1.w;

  const float selector_test =
      player_6ae_vertex_constant_19.z * world_position.x;
  const float material_selector =
      selector_test > 0.0f
          ? player_6ae_vertex_constant_46.x +
                player_6ae_vertex_constant_47.x
          : max(player_6ae_vertex_constant_46.x,
                player_6ae_vertex_constant_46.x);
  const float3 world_yzx = world_position.yzx;

  Player6AEBBB580Varyings output;
  output.position = Player6AETransformPosition(world_position);
  // BBB580 masks o0-o4 to xyz. Zero is the explicit native value for the
  // unexported component; the 6AE material port must not invent data there.
  output.interpolator0 =
      float4(texture_coordinate, material_selector, 0.0f);
  output.interpolator1 = float4(world_yzx, 0.0f);
  output.interpolator2 = float4(direction0, 0.0f);
  output.interpolator3 = float4(direction1, 0.0f);
  output.interpolator4 = float4(cross_direction, 0.0f);
  output.interpolator5 =
      Player6AEBBB580AffineProjection(world_yzx, 29u);
  output.interpolator6 =
      Player6AEBBB580AffineProjection(world_yzx, 33u);
  return output;
}

// Exact observer port of 6AE43640A86B33D8 instructions 19-59.
//
// This is deliberately an intermediate material-stage probe. It evaluates
// the guest's normal reconstruction and six-lobe diffuse-lighting sum, but
// it does not pretend that instructions 60-185 (shadow tests, specular,
// texture tf0 modulation and the final composite) have already been proven.

float4 Player6AESampleTf0(float2 uv) {
  return player_6ae_texture_tf0.Sample(player_6ae_wrap_sampler, uv);
}

float4 Player6AESampleTf1(float2 uv) {
  return player_6ae_texture_tf1.Sample(player_6ae_wrap_sampler, uv);
}

float4 Player6AESampleTf2(float2 uv) {
  return player_6ae_texture_tf2.Sample(
      player_6ae_linear_clamp_sampler, uv);
}

float4 Player6AESampleTf3(float2 uv) {
  return player_6ae_texture_tf3.Sample(player_6ae_point_clamp_sampler, uv);
}

float4 Player6AESampleTf4(float2 uv) {
  return player_6ae_texture_tf4.Sample(player_6ae_point_clamp_sampler, uv);
}

float4 Player6AESampleTf5(float2 uv) {
  return player_6ae_texture_tf5.Sample(player_6ae_wrap_sampler, uv);
}

float4 Player6AEC(uint index) {
  if (index == 19u) {
    return player_6ae_pixel_constant_19;
  }
  if (index >= 21u && index <= 27u) {
    return player_6ae_pixel_constants_21_27[index - 21u];
  }
  if (index >= 46u && index <= 70u) {
    return player_6ae_pixel_constants_46_70[index - 46u];
  }
  return index == 254u
             ? player_6ae_pixel_constants_254_255[0]
             : player_6ae_pixel_constants_254_255[1];
}

float3 Player6AESafeNormalizeMaterial(float3 value) {
  const float length_squared = dot(value, value);
  return length_squared > 0.0f
             ? value * rsqrt(length_squared)
             : float3(0.0f, 0.0f, 0.0f);
}

struct Player6AEMaterialStage {
  float3 normal;
  float3 diffuse;
  float material_mask;
  float sampled_mask;
};

Player6AEMaterialStage Player6AEEvaluateMaterialStage(
    Player6AEBBB580Varyings input) {
  const float4 c254 = Player6AEC(254u);
  const float4 c255 = Player6AEC(255u);

  // Guest registers r0-r6 enter the pixel shader as interpolators o0-o6.
  float4 r0 = input.interpolator0;
  float4 r1 = input.interpolator1;
  float4 r2 = input.interpolator2;
  float4 r3 = input.interpolator3;
  float4 r4 = input.interpolator4;
  float4 r5 = input.interpolator5;
  float4 r6 = input.interpolator6;
  float4 r7 = 0.0f;
  float4 r8 = 0.0f;
  float4 r9 = 0.0f;
  float4 r10 = 0.0f;

  // 19-25: material mask and tangent-space normal inputs. The writes and
  // preserved lanes intentionally mirror the microcode masks.
  const float4 tf1 = Player6AESampleTf1(r0.xy);
  r8.y = tf1.y;
  r8.w = tf1.w;
  r7.xyz = r1.xyz * float3(c255.z, c255.z, c255.w);
  r0.w = c254.x + r7.y;
  r8.xy = r7.xz * r0.ww;
  r9 = r8 + c255.xxyy;
  r1.x = Player6AESampleTf2(r0.xy).x;
  r10.x = Player6AESampleTf5(r9.xy).x;

  // 26-50: reconstruct the perturbed normal in the skinned tangent frame and
  // evaluate the two groups of clamped directional-light weights.
  const float4 c64 = Player6AEC(64u);
  const float4 c65 = Player6AEC(65u);
  const float4 c66 = Player6AEC(66u);
  const float4 c67 = Player6AEC(67u);
  const float4 c68 = Player6AEC(68u);
  const float4 c69 = Player6AEC(69u);
  const float4 c70 = Player6AEC(70u);
  r7.x = rcp(c70.x);
  r7.y = rcp(c69.w + c254.x);
  r7.z = rcp(c67.w + c254.x);
  r7.w = rcp(c65.w + c254.x);
  r8.xy = r9.wz + r8.wz;
  r10.yz = r8.yx * r8.yx;
  r9.xy = c254.xx - r10.xz;
  r0.w = r9.y - r10.y;
  r3.xyz = -r8.x * r3.xyz;
  r0.w = sqrt(abs(r0.w));
  r2.xyz = r0.w * r2.zxy + r3.zxy;
  r2.xyz = -r8.y * r4.xzy + r2.yxz;
  r0.w = rsqrt(abs(dot(r2.xzy, r2.xzy)));
  r4.x = c70.x - r1.y;
  r2.yzw = r2.zyx * r0.www;
  r4.y = c69.w - r2.z;
  r4.w = c65.w - r2.w;
  r4.z = c67.w - r2.y;

  float4 r3_weights = 0.0f;
  r3_weights.x = rcp(c68.w + c254.x);
  r3_weights.y = rcp(c66.w + c254.x);
  r3_weights.w = rcp(c64.w + c254.x);
  r8.x = c68.w + r2.z;
  r8.y = c66.w + r2.y;
  r8.z = r2.w + c64.w;
  r3_weights.z = c254.x - r9.x * Player6AEC(52u).x;
  r8.xyz = saturate(r8.xyz * r3_weights.xyw);
  r4 = saturate(r4 * r7);

  // 51-59: exact six-term diffuse accumulator, including the trace's
  // component routing through r3.xy_w.
  r0.w = max(r4.x, c70.y);
  r7.xyz = r4.zzz * c67.xyz;
  float4 diffuse_accumulator = 0.0f;
  diffuse_accumulator.xyw = r8.yyy * c66.xyz;
  diffuse_accumulator.xyw =
      r8.zzz * c64.xyz + diffuse_accumulator.xyw;
  diffuse_accumulator.xyw =
      r8.xxx * c68.xyz + diffuse_accumulator.xyw;
  diffuse_accumulator.xyw =
      r4.www * c65.xyz + diffuse_accumulator.xyw;
  diffuse_accumulator.xyw =
      r7.xyz * r0.www + diffuse_accumulator.xyw;
  diffuse_accumulator.xyw =
      r4.yyy * c69.xyz + diffuse_accumulator.xyw;

  Player6AEMaterialStage output;
  output.normal = r2.wyz;
  output.diffuse =
      diffuse_accumulator.xyw * Player6AEC(57u).xxx;
  output.material_mask = r4.x;
  output.sampled_mask = r10.x;
  return output;
}


Player6AEBBB580Varyings vs_main(uint vertex_id : SV_VertexID) {
  const uint stride =
      player_6ae_buffer_layout.w != 0u
          ? player_6ae_buffer_layout.w
          : kPlayer6AEVertexStride;
  const uint base =
      player_6ae_buffer_layout.x + vertex_id * stride;
  const float3 position = float3(
      Player6AELoadVertexFloat(base + 0u),
      Player6AELoadVertexFloat(base + 4u),
      Player6AELoadVertexFloat(base + 8u));

  const uint packed_weights = Player6AELoadVertexWord(base + 12u);
  const uint packed_indices = Player6AELoadVertexWord(base + 16u);
  // vf95 vfetch uses zyxw byte order. Reading raw bytes directly is
  // equivalent to the guest's normalized weight fetch and c255.y index scale.
  const float4 weights = float4(
      (packed_weights >> 16u) & 0xFFu,
      (packed_weights >> 8u) & 0xFFu,
      packed_weights & 0xFFu,
      (packed_weights >> 24u) & 0xFFu) / 255.0f;
  const uint4 bone_indices = uint4(
      (packed_indices >> 16u) & 0xFFu,
      (packed_indices >> 8u) & 0xFFu,
      packed_indices & 0xFFu,
      (packed_indices >> 24u) & 0xFFu);

  const Player6AEBoneBasis skin =
      Player6AEBlendBones(weights, bone_indices);
  const float3 world_position =
      Player6AETransformDirection(skin, position) +
      skin.translation;
  const float4 packed_direction0 =
      Player6AEBBB580DecodeSigned1010102(
          Player6AELoadVertexWord(base + 20u));
  const float2 texture_coordinate = float2(
      Player6AELoadVertexFloat(base + 24u),
      Player6AELoadVertexFloat(base + 28u));
  const float4 packed_direction1 =
      Player6AEBBB580DecodeSigned1010102(
          Player6AELoadVertexWord(base + 32u));

  return Player6AEBBB580BuildVaryings(
      world_position, texture_coordinate,
      packed_direction0, packed_direction1, skin);
}

float4 ps_main(Player6AEBBB580Varyings input) : SV_Target {
  const Player6AEMaterialStage material =
      Player6AEEvaluateMaterialStage(input);
  // This is the guest's real instruction-59 intermediate, displayed directly
  // as an observer diagnostic. No invented "final material" equation is used.
  return float4(max(material.diffuse, 0.0f),
                saturate(player_6ae_probe_tint.w));
}
)TT6AE";

inline constexpr uint8_t kVertexSpirv[] = {
  0x03, 0x02, 0x23, 0x07, 0x00, 0x03, 0x01, 0x00, 0x0b, 0x00, 0x08, 0x00, 0xc5, 0x09, 0x00, 0x00,
  0x00, 0x00, 0x00, 0x00, 0x11, 0x00, 0x02, 0x00, 0x01, 0x00, 0x00, 0x00, 0x0b, 0x00, 0x06, 0x00,
  0x01, 0x00, 0x00, 0x00, 0x47, 0x4c, 0x53, 0x4c, 0x2e, 0x73, 0x74, 0x64, 0x2e, 0x34, 0x35, 0x30,
  0x00, 0x00, 0x00, 0x00, 0x0e, 0x00, 0x03, 0x00, 0x00, 0x00, 0x00, 0x00, 0x01, 0x00, 0x00, 0x00,
  0x0f, 0x00, 0x0e, 0x00, 0x00, 0x00, 0x00, 0x00, 0x04, 0x00, 0x00, 0x00, 0x76, 0x73, 0x5f, 0x6d,
  0x61, 0x69, 0x6e, 0x00, 0x3a, 0x03, 0x00, 0x00, 0x41, 0x03, 0x00, 0x00, 0x44, 0x03, 0x00, 0x00,
  0x47, 0x03, 0x00, 0x00, 0x4a, 0x03, 0x00, 0x00, 0x4d, 0x03, 0x00, 0x00, 0x50, 0x03, 0x00, 0x00,
  0x53, 0x03, 0x00, 0x00, 0x56, 0x03, 0x00, 0x00, 0x03, 0x00, 0x03, 0x00, 0x05, 0x00, 0x00, 0x00,
  0xf4, 0x01, 0x00, 0x00, 0x05, 0x00, 0x04, 0x00, 0x04, 0x00, 0x00, 0x00, 0x76, 0x73, 0x5f, 0x6d,
  0x61, 0x69, 0x6e, 0x00, 0x05, 0x00, 0x08, 0x00, 0x74, 0x00, 0x00, 0x00, 0x70, 0x6c, 0x61, 0x79,
  0x65, 0x72, 0x5f, 0x36, 0x61, 0x65, 0x5f, 0x76, 0x65, 0x72, 0x74, 0x65, 0x78, 0x5f, 0x77, 0x6f,
  0x72, 0x64, 0x73, 0x00, 0x06, 0x00, 0x05, 0x00, 0x74, 0x00, 0x00, 0x00, 0x00, 0x00, 0x00, 0x00,
  0x40, 0x64, 0x61, 0x74, 0x61, 0x00, 0x00, 0x00, 0x05, 0x00, 0x08, 0x00, 0x76, 0x00, 0x00, 0x00,
  0x70, 0x6c, 0x61, 0x79, 0x65, 0x72, 0x5f, 0x36, 0x61, 0x65, 0x5f, 0x76, 0x65, 0x72, 0x74, 0x65,
  0x78, 0x5f, 0x77, 0x6f, 0x72, 0x64, 0x73, 0x00, 0x05, 0x00, 0x0a, 0x00, 0x90, 0x00, 0x00, 0x00,
  0x70, 0x6c, 0x61, 0x79, 0x65, 0x72, 0x5f, 0x36, 0x61, 0x65, 0x5f, 0x70, 0x61, 0x6c, 0x65, 0x74,
  0x74, 0x65, 0x5f, 0x77, 0x6f, 0x72, 0x64, 0x5f, 0x70, 0x61, 0x69, 0x72, 0x73, 0x00, 0x00, 0x00,
  0x06, 0x00, 0x05, 0x00, 0x90, 0x00, 0x00, 0x00, 0x00, 0x00, 0x00, 0x00, 0x40, 0x64, 0x61, 0x74,
  0x61, 0x00, 0x00, 0x00, 0x05, 0x00, 0x0a, 0x00, 0x92, 0x00, 0x00, 0x00, 0x70, 0x6c, 0x61, 0x79,
  0x65, 0x72, 0x5f, 0x36, 0x61, 0x65, 0x5f, 0x70, 0x61, 0x6c, 0x65, 0x74, 0x74, 0x65, 0x5f, 0x77,
  0x6f, 0x72, 0x64, 0x5f, 0x70, 0x61, 0x69, 0x72, 0x73, 0x00, 0x00, 0x00, 0x05, 0x00, 0x08, 0x00,
  0xb6, 0x00, 0x00, 0x00, 0x50, 0x6c, 0x61, 0x79, 0x65, 0x72, 0x36, 0x41, 0x45, 0x50, 0x72, 0x6f,
  0x62, 0x65, 0x43, 0x6f, 0x6e, 0x73, 0x74, 0x61, 0x6e, 0x74, 0x73, 0x00, 0x06, 0x00, 0x0a, 0x00,
  0xb6, 0x00, 0x00, 0x00, 0x00, 0x00, 0x00, 0x00, 0x70, 0x6c, 0x61, 0x79, 0x65, 0x72, 0x5f, 0x36,
  0x61, 0x65, 0x5f, 0x77, 0x6f, 0x72, 0x6c, 0x64, 0x5f, 0x74, 0x6f, 0x5f, 0x63, 0x6c, 0x69, 0x70,
  0x00, 0x00, 0x00, 0x00, 0x06, 0x00, 0x0b, 0x00, 0xb6, 0x00, 0x00, 0x00, 0x01, 0x00, 0x00, 0x00,
  0x70, 0x6c, 0x61, 0x79, 0x65, 0x72, 0x5f, 0x36, 0x61, 0x65, 0x5f, 0x76, 0x65, 0x72, 0x74, 0x65,
  0x78, 0x5f, 0x63, 0x6f, 0x6e, 0x73, 0x74, 0x61, 0x6e, 0x74, 0x5f, 0x31, 0x39, 0x00, 0x00, 0x00,
  0x06, 0x00, 0x0c, 0x00, 0xb6, 0x00, 0x00, 0x00, 0x02, 0x00, 0x00, 0x00, 0x70, 0x6c, 0x61, 0x79,
  0x65, 0x72, 0x5f, 0x36, 0x61, 0x65, 0x5f, 0x76, 0x65, 0x72, 0x74, 0x65, 0x78, 0x5f, 0x63, 0x6f,
  0x6e, 0x73, 0x74, 0x61, 0x6e, 0x74, 0x73, 0x5f, 0x32, 0x39, 0x5f, 0x33, 0x36, 0x00, 0x00, 0x00,
  0x06, 0x00, 0x0b, 0x00, 0xb6, 0x00, 0x00, 0x00, 0x03, 0x00, 0x00, 0x00, 0x70, 0x6c, 0x61, 0x79,
  0x65, 0x72, 0x5f, 0x36, 0x61, 0x65, 0x5f, 0x76, 0x65, 0x72, 0x74, 0x65, 0x78, 0x5f, 0x63, 0x6f,
  0x6e, 0x73, 0x74, 0x61, 0x6e, 0x74, 0x5f, 0x34, 0x36, 0x00, 0x00, 0x00, 0x06, 0x00, 0x0b, 0x00,
  0xb6, 0x00, 0x00, 0x00, 0x04, 0x00, 0x00, 0x00, 0x70, 0x6c, 0x61, 0x79, 0x65, 0x72, 0x5f, 0x36,
  0x61, 0x65, 0x5f, 0x76, 0x65, 0x72, 0x74, 0x65, 0x78, 0x5f, 0x63, 0x6f, 0x6e, 0x73, 0x74, 0x61,
  0x6e, 0x74, 0x5f, 0x34, 0x37, 0x00, 0x00, 0x00, 0x06, 0x00, 0x0b, 0x00, 0xb6, 0x00, 0x00, 0x00,
  0x05, 0x00, 0x00, 0x00, 0x70, 0x6c, 0x61, 0x79, 0x65, 0x72, 0x5f, 0x36, 0x61, 0x65, 0x5f, 0x76,
  0x65, 0x72, 0x74, 0x65, 0x78, 0x5f, 0x63, 0x6f, 0x6e, 0x73, 0x74, 0x61, 0x6e, 0x74, 0x5f, 0x32,
  0x35, 0x35, 0x00, 0x00, 0x06, 0x00, 0x0b, 0x00, 0xb6, 0x00, 0x00, 0x00, 0x06, 0x00, 0x00, 0x00,
  0x70, 0x6c, 0x61, 0x79, 0x65, 0x72, 0x5f, 0x36, 0x61, 0x65, 0x5f, 0x70, 0x69, 0x78, 0x65, 0x6c,
  0x5f, 0x63, 0x6f, 0x6e, 0x73, 0x74, 0x61, 0x6e, 0x74, 0x5f, 0x31, 0x39, 0x00, 0x00, 0x00, 0x00,
  0x06, 0x00, 0x0c, 0x00, 0xb6, 0x00, 0x00, 0x00, 0x07, 0x00, 0x00, 0x00, 0x70, 0x6c, 0x61, 0x79,
  0x65, 0x72, 0x5f, 0x36, 0x61, 0x65, 0x5f, 0x70, 0x69, 0x78, 0x65, 0x6c, 0x5f, 0x63, 0x6f, 0x6e,
  0x73, 0x74, 0x61, 0x6e, 0x74, 0x73, 0x5f, 0x32, 0x31, 0x5f, 0x32, 0x37, 0x00, 0x00, 0x00, 0x00,
  0x06, 0x00, 0x0c, 0x00, 0xb6, 0x00, 0x00, 0x00, 0x08, 0x00, 0x00, 0x00, 0x70, 0x6c, 0x61, 0x79,
  0x65, 0x72, 0x5f, 0x36, 0x61, 0x65, 0x5f, 0x70, 0x69, 0x78, 0x65, 0x6c, 0x5f, 0x63, 0x6f, 0x6e,
  0x73, 0x74, 0x61, 0x6e, 0x74, 0x73, 0x5f, 0x34, 0x36, 0x5f, 0x37, 0x30, 0x00, 0x00, 0x00, 0x00,
  0x06, 0x00, 0x0c, 0x00, 0xb6, 0x00, 0x00, 0x00, 0x09, 0x00, 0x00, 0x00, 0x70, 0x6c, 0x61, 0x79,
  0x65, 0x72, 0x5f, 0x36, 0x61, 0x65, 0x5f, 0x70, 0x69, 0x78, 0x65, 0x6c, 0x5f, 0x63, 0x6f, 0x6e,
  0x73, 0x74, 0x61, 0x6e, 0x74, 0x73, 0x5f, 0x32, 0x35, 0x34, 0x5f, 0x32, 0x35, 0x35, 0x00, 0x00,
  0x06, 0x00, 0x0a, 0x00, 0xb6, 0x00, 0x00, 0x00, 0x0a, 0x00, 0x00, 0x00, 0x70, 0x6c, 0x61, 0x79,
  0x65, 0x72, 0x5f, 0x36, 0x61, 0x65, 0x5f, 0x62, 0x75, 0x66, 0x66, 0x65, 0x72, 0x5f, 0x6c, 0x61,
  0x79, 0x6f, 0x75, 0x74, 0x00, 0x00, 0x00, 0x00, 0x06, 0x00, 0x09, 0x00, 0xb6, 0x00, 0x00, 0x00,
  0x0b, 0x00, 0x00, 0x00, 0x70, 0x6c, 0x61, 0x79, 0x65, 0x72, 0x5f, 0x36, 0x61, 0x65, 0x5f, 0x70,
  0x72, 0x6f, 0x62, 0x65, 0x5f, 0x74, 0x69, 0x6e, 0x74, 0x00, 0x00, 0x00, 0x05, 0x00, 0x03, 0x00,
  0xb8, 0x00, 0x00, 0x00, 0x00, 0x00, 0x00, 0x00, 0x05, 0x00, 0x05, 0x00, 0x3a, 0x03, 0x00, 0x00,
  0x76, 0x65, 0x72, 0x74, 0x65, 0x78, 0x5f, 0x69, 0x64, 0x00, 0x00, 0x00, 0x05, 0x00, 0x09, 0x00,
  0x41, 0x03, 0x00, 0x00, 0x40, 0x65, 0x6e, 0x74, 0x72, 0x79, 0x50, 0x6f, 0x69, 0x6e, 0x74, 0x4f,
  0x75, 0x74, 0x70, 0x75, 0x74, 0x2e, 0x70, 0x6f, 0x73, 0x69, 0x74, 0x69, 0x6f, 0x6e, 0x00, 0x00,
  0x05, 0x00, 0x0a, 0x00, 0x44, 0x03, 0x00, 0x00, 0x40, 0x65, 0x6e, 0x74, 0x72, 0x79, 0x50, 0x6f,
  0x69, 0x6e, 0x74, 0x4f, 0x75, 0x74, 0x70, 0x75, 0x74, 0x2e, 0x69, 0x6e, 0x74, 0x65, 0x72, 0x70,
  0x6f, 0x6c, 0x61, 0x74, 0x6f, 0x72, 0x30, 0x00, 0x05, 0x00, 0x0a, 0x00, 0x47, 0x03, 0x00, 0x00,
  0x40, 0x65, 0x6e, 0x74, 0x72, 0x79, 0x50, 0x6f, 0x69, 0x6e, 0x74, 0x4f, 0x75, 0x74, 0x70, 0x75,
  0x74, 0x2e, 0x69, 0x6e, 0x74, 0x65, 0x72, 0x70, 0x6f, 0x6c, 0x61, 0x74, 0x6f, 0x72, 0x31, 0x00,
  0x05, 0x00, 0x0a, 0x00, 0x4a, 0x03, 0x00, 0x00, 0x40, 0x65, 0x6e, 0x74, 0x72, 0x79, 0x50, 0x6f,
  0x69, 0x6e, 0x74, 0x4f, 0x75, 0x74, 0x70, 0x75, 0x74, 0x2e, 0x69, 0x6e, 0x74, 0x65, 0x72, 0x70,
  0x6f, 0x6c, 0x61, 0x74, 0x6f, 0x72, 0x32, 0x00, 0x05, 0x00, 0x0a, 0x00, 0x4d, 0x03, 0x00, 0x00,
  0x40, 0x65, 0x6e, 0x74, 0x72, 0x79, 0x50, 0x6f, 0x69, 0x6e, 0x74, 0x4f, 0x75, 0x74, 0x70, 0x75,
  0x74, 0x2e, 0x69, 0x6e, 0x74, 0x65, 0x72, 0x70, 0x6f, 0x6c, 0x61, 0x74, 0x6f, 0x72, 0x33, 0x00,
  0x05, 0x00, 0x0a, 0x00, 0x50, 0x03, 0x00, 0x00, 0x40, 0x65, 0x6e, 0x74, 0x72, 0x79, 0x50, 0x6f,
  0x69, 0x6e, 0x74, 0x4f, 0x75, 0x74, 0x70, 0x75, 0x74, 0x2e, 0x69, 0x6e, 0x74, 0x65, 0x72, 0x70,
  0x6f, 0x6c, 0x61, 0x74, 0x6f, 0x72, 0x34, 0x00, 0x05, 0x00, 0x0a, 0x00, 0x53, 0x03, 0x00, 0x00,
  0x40, 0x65, 0x6e, 0x74, 0x72, 0x79, 0x50, 0x6f, 0x69, 0x6e, 0x74, 0x4f, 0x75, 0x74, 0x70, 0x75,
  0x74, 0x2e, 0x69, 0x6e, 0x74, 0x65, 0x72, 0x70, 0x6f, 0x6c, 0x61, 0x74, 0x6f, 0x72, 0x35, 0x00,
  0x05, 0x00, 0x0a, 0x00, 0x56, 0x03, 0x00, 0x00, 0x40, 0x65, 0x6e, 0x74, 0x72, 0x79, 0x50, 0x6f,
  0x69, 0x6e, 0x74, 0x4f, 0x75, 0x74, 0x70, 0x75, 0x74, 0x2e, 0x69, 0x6e, 0x74, 0x65, 0x72, 0x70,
  0x6f, 0x6c, 0x61, 0x74, 0x6f, 0x72, 0x36, 0x00, 0x47, 0x00, 0x04, 0x00, 0x73, 0x00, 0x00, 0x00,
  0x06, 0x00, 0x00, 0x00, 0x04, 0x00, 0x00, 0x00, 0x47, 0x00, 0x03, 0x00, 0x74, 0x00, 0x00, 0x00,
  0x02, 0x00, 0x00, 0x00, 0x48, 0x00, 0x04, 0x00, 0x74, 0x00, 0x00, 0x00, 0x00, 0x00, 0x00, 0x00,
  0x18, 0x00, 0x00, 0x00, 0x48, 0x00, 0x05, 0x00, 0x74, 0x00, 0x00, 0x00, 0x00, 0x00, 0x00, 0x00,
  0x23, 0x00, 0x00, 0x00, 0x00, 0x00, 0x00, 0x00, 0x47, 0x00, 0x03, 0x00, 0x76, 0x00, 0x00, 0x00,
  0x18, 0x00, 0x00, 0x00, 0x47, 0x00, 0x04, 0x00, 0x76, 0x00, 0x00, 0x00, 0x21, 0x00, 0x00, 0x00,
  0x01, 0x00, 0x00, 0x00, 0x47, 0x00, 0x04, 0x00, 0x76, 0x00, 0x00, 0x00, 0x22, 0x00, 0x00, 0x00,
  0x00, 0x00, 0x00, 0x00, 0x47, 0x00, 0x04, 0x00, 0x8f, 0x00, 0x00, 0x00, 0x06, 0x00, 0x00, 0x00,
  0x08, 0x00, 0x00, 0x00, 0x47, 0x00, 0x03, 0x00, 0x90, 0x00, 0x00, 0x00, 0x02, 0x00, 0x00, 0x00,
  0x48, 0x00, 0x04, 0x00, 0x90, 0x00, 0x00, 0x00, 0x00, 0x00, 0x00, 0x00, 0x18, 0x00, 0x00, 0x00,
  0x48, 0x00, 0x05, 0x00, 0x90, 0x00, 0x00, 0x00, 0x00, 0x00, 0x00, 0x00, 0x23, 0x00, 0x00, 0x00,
  0x00, 0x00, 0x00, 0x00, 0x47, 0x00, 0x03, 0x00, 0x92, 0x00, 0x00, 0x00, 0x18, 0x00, 0x00, 0x00,
  0x47, 0x00, 0x04, 0x00, 0x92, 0x00, 0x00, 0x00, 0x21, 0x00, 0x00, 0x00, 0x02, 0x00, 0x00, 0x00,
  0x47, 0x00, 0x04, 0x00, 0x92, 0x00, 0x00, 0x00, 0x22, 0x00, 0x00, 0x00, 0x00, 0x00, 0x00, 0x00,
  0x47, 0x00, 0x04, 0x00, 0xaf, 0x00, 0x00, 0x00, 0x06, 0x00, 0x00, 0x00, 0x10, 0x00, 0x00, 0x00,
  0x47, 0x00, 0x04, 0x00, 0xb0, 0x00, 0x00, 0x00, 0x06, 0x00, 0x00, 0x00, 0x10, 0x00, 0x00, 0x00,
  0x47, 0x00, 0x04, 0x00, 0xb2, 0x00, 0x00, 0x00, 0x06, 0x00, 0x00, 0x00, 0x10, 0x00, 0x00, 0x00,
  0x47, 0x00, 0x04, 0x00, 0xb4, 0x00, 0x00, 0x00, 0x06, 0x00, 0x00, 0x00, 0x10, 0x00, 0x00, 0x00,
  0x47, 0x00, 0x04, 0x00, 0xb5, 0x00, 0x00, 0x00, 0x06, 0x00, 0x00, 0x00, 0x10, 0x00, 0x00, 0x00,
  0x47, 0x00, 0x03, 0x00, 0xb6, 0x00, 0x00, 0x00, 0x02, 0x00, 0x00, 0x00, 0x48, 0x00, 0x05, 0x00,
  0xb6, 0x00, 0x00, 0x00, 0x00, 0x00, 0x00, 0x00, 0x23, 0x00, 0x00, 0x00, 0x00, 0x00, 0x00, 0x00,
  0x48, 0x00, 0x05, 0x00, 0xb6, 0x00, 0x00, 0x00, 0x01, 0x00, 0x00, 0x00, 0x23, 0x00, 0x00, 0x00,
  0x40, 0x00, 0x00, 0x00, 0x48, 0x00, 0x05, 0x00, 0xb6, 0x00, 0x00, 0x00, 0x02, 0x00, 0x00, 0x00,
  0x23, 0x00, 0x00, 0x00, 0x50, 0x00, 0x00, 0x00, 0x48, 0x00, 0x05, 0x00, 0xb6, 0x00, 0x00, 0x00,
  0x03, 0x00, 0x00, 0x00, 0x23, 0x00, 0x00, 0x00, 0xd0, 0x00, 0x00, 0x00, 0x48, 0x00, 0x05, 0x00,
  0xb6, 0x00, 0x00, 0x00, 0x04, 0x00, 0x00, 0x00, 0x23, 0x00, 0x00, 0x00, 0xe0, 0x00, 0x00, 0x00,
  0x48, 0x00, 0x05, 0x00, 0xb6, 0x00, 0x00, 0x00, 0x05, 0x00, 0x00, 0x00, 0x23, 0x00, 0x00, 0x00,
  0xf0, 0x00, 0x00, 0x00, 0x48, 0x00, 0x05, 0x00, 0xb6, 0x00, 0x00, 0x00, 0x06, 0x00, 0x00, 0x00,
  0x23, 0x00, 0x00, 0x00, 0x00, 0x01, 0x00, 0x00, 0x48, 0x00, 0x05, 0x00, 0xb6, 0x00, 0x00, 0x00,
  0x07, 0x00, 0x00, 0x00, 0x23, 0x00, 0x00, 0x00, 0x10, 0x01, 0x00, 0x00, 0x48, 0x00, 0x05, 0x00,
  0xb6, 0x00, 0x00, 0x00, 0x08, 0x00, 0x00, 0x00, 0x23, 0x00, 0x00, 0x00, 0x80, 0x01, 0x00, 0x00,
  0x48, 0x00, 0x05, 0x00, 0xb6, 0x00, 0x00, 0x00, 0x09, 0x00, 0x00, 0x00, 0x23, 0x00, 0x00, 0x00,
  0x10, 0x03, 0x00, 0x00, 0x48, 0x00, 0x05, 0x00, 0xb6, 0x00, 0x00, 0x00, 0x0a, 0x00, 0x00, 0x00,
  0x23, 0x00, 0x00, 0x00, 0x30, 0x03, 0x00, 0x00, 0x48, 0x00, 0x05, 0x00, 0xb6, 0x00, 0x00, 0x00,
  0x0b, 0x00, 0x00, 0x00, 0x23, 0x00, 0x00, 0x00, 0x40, 0x03, 0x00, 0x00, 0x47, 0x00, 0x04, 0x00,
  0xb8, 0x00, 0x00, 0x00, 0x21, 0x00, 0x00, 0x00, 0x00, 0x00, 0x00, 0x00, 0x47, 0x00, 0x04, 0x00,
  0xb8, 0x00, 0x00, 0x00, 0x22, 0x00, 0x00, 0x00, 0x00, 0x00, 0x00, 0x00, 0x47, 0x00, 0x04, 0x00,
  0x3a, 0x03, 0x00, 0x00, 0x0b, 0x00, 0x00, 0x00, 0x2a, 0x00, 0x00, 0x00, 0x47, 0x00, 0x04, 0x00,
  0x41, 0x03, 0x00, 0x00, 0x0b, 0x00, 0x00, 0x00, 0x00, 0x00, 0x00, 0x00, 0x47, 0x00, 0x04, 0x00,
  0x44, 0x03, 0x00, 0x00, 0x1e, 0x00, 0x00, 0x00, 0x00, 0x00, 0x00, 0x00, 0x47, 0x00, 0x04, 0x00,
  0x47, 0x03, 0x00, 0x00, 0x1e, 0x00, 0x00, 0x00, 0x01, 0x00, 0x00, 0x00, 0x47, 0x00, 0x04, 0x00,
  0x4a, 0x03, 0x00, 0x00, 0x1e, 0x00, 0x00, 0x00, 0x02, 0x00, 0x00, 0x00, 0x47, 0x00, 0x04, 0x00,
  0x4d, 0x03, 0x00, 0x00, 0x1e, 0x00, 0x00, 0x00, 0x03, 0x00, 0x00, 0x00, 0x47, 0x00, 0x04, 0x00,
  0x50, 0x03, 0x00, 0x00, 0x1e, 0x00, 0x00, 0x00, 0x04, 0x00, 0x00, 0x00, 0x47, 0x00, 0x04, 0x00,
  0x53, 0x03, 0x00, 0x00, 0x1e, 0x00, 0x00, 0x00, 0x05, 0x00, 0x00, 0x00, 0x47, 0x00, 0x04, 0x00,
  0x56, 0x03, 0x00, 0x00, 0x1e, 0x00, 0x00, 0x00, 0x06, 0x00, 0x00, 0x00, 0x13, 0x00, 0x02, 0x00,
  0x02, 0x00, 0x00, 0x00, 0x21, 0x00, 0x03, 0x00, 0x03, 0x00, 0x00, 0x00, 0x02, 0x00, 0x00, 0x00,
  0x15, 0x00, 0x04, 0x00, 0x06, 0x00, 0x00, 0x00, 0x20, 0x00, 0x00, 0x00, 0x00, 0x00, 0x00, 0x00,
  0x20, 0x00, 0x04, 0x00, 0x07, 0x00, 0x00, 0x00, 0x07, 0x00, 0x00, 0x00, 0x06, 0x00, 0x00, 0x00,
  0x16, 0x00, 0x03, 0x00, 0x0f, 0x00, 0x00, 0x00, 0x20, 0x00, 0x00, 0x00, 0x17, 0x00, 0x04, 0x00,
  0x1a, 0x00, 0x00, 0x00, 0x0f, 0x00, 0x00, 0x00, 0x03, 0x00, 0x00, 0x00, 0x17, 0x00, 0x04, 0x00,
  0x20, 0x00, 0x00, 0x00, 0x0f, 0x00, 0x00, 0x00, 0x04, 0x00, 0x00, 0x00, 0x20, 0x00, 0x04, 0x00,
  0x21, 0x00, 0x00, 0x00, 0x07, 0x00, 0x00, 0x00, 0x20, 0x00, 0x00, 0x00, 0x17, 0x00, 0x04, 0x00,
  0x22, 0x00, 0x00, 0x00, 0x06, 0x00, 0x00, 0x00, 0x04, 0x00, 0x00, 0x00, 0x20, 0x00, 0x04, 0x00,
  0x23, 0x00, 0x00, 0x00, 0x07, 0x00, 0x00, 0x00, 0x22, 0x00, 0x00, 0x00, 0x2b, 0x00, 0x04, 0x00,
  0x06, 0x00, 0x00, 0x00, 0x5d, 0x00, 0x00, 0x00, 0xff, 0x00, 0x00, 0x00, 0x2b, 0x00, 0x04, 0x00,
  0x06, 0x00, 0x00, 0x00, 0x5f, 0x00, 0x00, 0x00, 0x18, 0x00, 0x00, 0x00, 0x2b, 0x00, 0x04, 0x00,
  0x06, 0x00, 0x00, 0x00, 0x62, 0x00, 0x00, 0x00, 0x00, 0xff, 0x00, 0x00, 0x2b, 0x00, 0x04, 0x00,
  0x06, 0x00, 0x00, 0x00, 0x64, 0x00, 0x00, 0x00, 0x08, 0x00, 0x00, 0x00, 0x2b, 0x00, 0x04, 0x00,
  0x06, 0x00, 0x00, 0x00, 0x68, 0x00, 0x00, 0x00, 0x00, 0x00, 0xff, 0x00, 0x2b, 0x00, 0x04, 0x00,
  0x06, 0x00, 0x00, 0x00, 0x6d, 0x00, 0x00, 0x00, 0x00, 0x00, 0x00, 0xff, 0x1d, 0x00, 0x03, 0x00,
  0x73, 0x00, 0x00, 0x00, 0x06, 0x00, 0x00, 0x00, 0x1e, 0x00, 0x03, 0x00, 0x74, 0x00, 0x00, 0x00,
  0x73, 0x00, 0x00, 0x00, 0x20, 0x00, 0x04, 0x00, 0x75, 0x00, 0x00, 0x00, 0x0c, 0x00, 0x00, 0x00,
  0x74, 0x00, 0x00, 0x00, 0x3b, 0x00, 0x04, 0x00, 0x75, 0x00, 0x00, 0x00, 0x76, 0x00, 0x00, 0x00,
  0x0c, 0x00, 0x00, 0x00, 0x15, 0x00, 0x04, 0x00, 0x77, 0x00, 0x00, 0x00, 0x20, 0x00, 0x00, 0x00,
  0x01, 0x00, 0x00, 0x00, 0x2b, 0x00, 0x04, 0x00, 0x77, 0x00, 0x00, 0x00, 0x78, 0x00, 0x00, 0x00,
  0x00, 0x00, 0x00, 0x00, 0x2b, 0x00, 0x04, 0x00, 0x06, 0x00, 0x00, 0x00, 0x7a, 0x00, 0x00, 0x00,
  0x02, 0x00, 0x00, 0x00, 0x20, 0x00, 0x04, 0x00, 0x7d, 0x00, 0x00, 0x00, 0x0c, 0x00, 0x00, 0x00,
  0x06, 0x00, 0x00, 0x00, 0x17, 0x00, 0x04, 0x00, 0x8c, 0x00, 0x00, 0x00, 0x06, 0x00, 0x00, 0x00,
  0x02, 0x00, 0x00, 0x00, 0x1d, 0x00, 0x03, 0x00, 0x8f, 0x00, 0x00, 0x00, 0x8c, 0x00, 0x00, 0x00,
  0x1e, 0x00, 0x03, 0x00, 0x90, 0x00, 0x00, 0x00, 0x8f, 0x00, 0x00, 0x00, 0x20, 0x00, 0x04, 0x00,
  0x91, 0x00, 0x00, 0x00, 0x0c, 0x00, 0x00, 0x00, 0x90, 0x00, 0x00, 0x00, 0x3b, 0x00, 0x04, 0x00,
  0x91, 0x00, 0x00, 0x00, 0x92, 0x00, 0x00, 0x00, 0x0c, 0x00, 0x00, 0x00, 0x2b, 0x00, 0x04, 0x00,
  0x06, 0x00, 0x00, 0x00, 0x94, 0x00, 0x00, 0x00, 0x01, 0x00, 0x00, 0x00, 0x20, 0x00, 0x04, 0x00,
  0x96, 0x00, 0x00, 0x00, 0x0c, 0x00, 0x00, 0x00, 0x8c, 0x00, 0x00, 0x00, 0x2b, 0x00, 0x04, 0x00,
  0x06, 0x00, 0x00, 0x00, 0x9b, 0x00, 0x00, 0x00, 0x00, 0x00, 0x00, 0x00, 0x14, 0x00, 0x02, 0x00,
  0x9c, 0x00, 0x00, 0x00, 0x2b, 0x00, 0x04, 0x00, 0x06, 0x00, 0x00, 0x00, 0xae, 0x00, 0x00, 0x00,
  0x04, 0x00, 0x00, 0x00, 0x1c, 0x00, 0x04, 0x00, 0xaf, 0x00, 0x00, 0x00, 0x20, 0x00, 0x00, 0x00,
  0xae, 0x00, 0x00, 0x00, 0x1c, 0x00, 0x04, 0x00, 0xb0, 0x00, 0x00, 0x00, 0x20, 0x00, 0x00, 0x00,
  0x64, 0x00, 0x00, 0x00, 0x2b, 0x00, 0x04, 0x00, 0x06, 0x00, 0x00, 0x00, 0xb1, 0x00, 0x00, 0x00,
  0x07, 0x00, 0x00, 0x00, 0x1c, 0x00, 0x04, 0x00, 0xb2, 0x00, 0x00, 0x00, 0x20, 0x00, 0x00, 0x00,
  0xb1, 0x00, 0x00, 0x00, 0x2b, 0x00, 0x04, 0x00, 0x06, 0x00, 0x00, 0x00, 0xb3, 0x00, 0x00, 0x00,
  0x19, 0x00, 0x00, 0x00, 0x1c, 0x00, 0x04, 0x00, 0xb4, 0x00, 0x00, 0x00, 0x20, 0x00, 0x00, 0x00,
  0xb3, 0x00, 0x00, 0x00, 0x1c, 0x00, 0x04, 0x00, 0xb5, 0x00, 0x00, 0x00, 0x20, 0x00, 0x00, 0x00,
  0x7a, 0x00, 0x00, 0x00, 0x1e, 0x00, 0x0e, 0x00, 0xb6, 0x00, 0x00, 0x00, 0xaf, 0x00, 0x00, 0x00,
  0x20, 0x00, 0x00, 0x00, 0xb0, 0x00, 0x00, 0x00, 0x20, 0x00, 0x00, 0x00, 0x20, 0x00, 0x00, 0x00,
  0x20, 0x00, 0x00, 0x00, 0x20, 0x00, 0x00, 0x00, 0xb2, 0x00, 0x00, 0x00, 0xb4, 0x00, 0x00, 0x00,
  0xb5, 0x00, 0x00, 0x00, 0x22, 0x00, 0x00, 0x00, 0x20, 0x00, 0x00, 0x00, 0x20, 0x00, 0x04, 0x00,
  0xb7, 0x00, 0x00, 0x00, 0x02, 0x00, 0x00, 0x00, 0xb6, 0x00, 0x00, 0x00, 0x3b, 0x00, 0x04, 0x00,
  0xb7, 0x00, 0x00, 0x00, 0xb8, 0x00, 0x00, 0x00, 0x02, 0x00, 0x00, 0x00, 0x2b, 0x00, 0x04, 0x00,
  0x77, 0x00, 0x00, 0x00, 0xb9, 0x00, 0x00, 0x00, 0x0a, 0x00, 0x00, 0x00, 0x20, 0x00, 0x04, 0x00,
  0xba, 0x00, 0x00, 0x00, 0x02, 0x00, 0x00, 0x00, 0x06, 0x00, 0x00, 0x00, 0x2b, 0x00, 0x04, 0x00,
  0x06, 0x00, 0x00, 0x00, 0xbe, 0x00, 0x00, 0x00, 0x1c, 0x00, 0x00, 0x00, 0x2b, 0x00, 0x04, 0x00,
  0x06, 0x00, 0x00, 0x00, 0xcf, 0x00, 0x00, 0x00, 0x0c, 0x00, 0x00, 0x00, 0x2b, 0x00, 0x04, 0x00,
  0x06, 0x00, 0x00, 0x00, 0xd6, 0x00, 0x00, 0x00, 0x10, 0x00, 0x00, 0x00, 0x2b, 0x00, 0x04, 0x00,
  0x06, 0x00, 0x00, 0x00, 0xdb, 0x00, 0x00, 0x00, 0x14, 0x00, 0x00, 0x00, 0x20, 0x00, 0x04, 0x00,
  0xe4, 0x00, 0x00, 0x00, 0x07, 0x00, 0x00, 0x00, 0x0f, 0x00, 0x00, 0x00, 0x2b, 0x00, 0x04, 0x00,
  0x06, 0x00, 0x00, 0x00, 0xef, 0x00, 0x00, 0x00, 0x03, 0x00, 0x00, 0x00, 0x2b, 0x00, 0x04, 0x00,
  0x0f, 0x00, 0x00, 0x00, 0xf3, 0x00, 0x00, 0x00, 0x00, 0x00, 0x00, 0x40, 0x2b, 0x00, 0x04, 0x00,
  0x0f, 0x00, 0x00, 0x00, 0x06, 0x01, 0x00, 0x00, 0x00, 0x00, 0x80, 0x3f, 0x2b, 0x00, 0x04, 0x00,
  0x77, 0x00, 0x00, 0x00, 0x4b, 0x01, 0x00, 0x00, 0x01, 0x00, 0x00, 0x00, 0x2b, 0x00, 0x04, 0x00,
  0x77, 0x00, 0x00, 0x00, 0x51, 0x01, 0x00, 0x00, 0x02, 0x00, 0x00, 0x00, 0x2b, 0x00, 0x04, 0x00,
  0x77, 0x00, 0x00, 0x00, 0x57, 0x01, 0x00, 0x00, 0x03, 0x00, 0x00, 0x00, 0x2b, 0x00, 0x04, 0x00,
  0x0f, 0x00, 0x00, 0x00, 0x5e, 0x01, 0x00, 0x00, 0x00, 0x00, 0x00, 0x00, 0x2c, 0x00, 0x06, 0x00,
  0x1a, 0x00, 0x00, 0x00, 0x5f, 0x01, 0x00, 0x00, 0x5e, 0x01, 0x00, 0x00, 0x5e, 0x01, 0x00, 0x00,
  0x5e, 0x01, 0x00, 0x00, 0x20, 0x00, 0x04, 0x00, 0xc2, 0x01, 0x00, 0x00, 0x02, 0x00, 0x00, 0x00,
  0x20, 0x00, 0x00, 0x00, 0x2b, 0x00, 0x04, 0x00, 0x06, 0x00, 0x00, 0x00, 0xdb, 0x01, 0x00, 0x00,
  0xff, 0x03, 0x00, 0x00, 0x2b, 0x00, 0x04, 0x00, 0x06, 0x00, 0x00, 0x00, 0xde, 0x01, 0x00, 0x00,
  0x16, 0x00, 0x00, 0x00, 0x2b, 0x00, 0x04, 0x00, 0x77, 0x00, 0x00, 0x00, 0xe1, 0x01, 0x00, 0x00,
  0x16, 0x00, 0x00, 0x00, 0x2b, 0x00, 0x04, 0x00, 0x06, 0x00, 0x00, 0x00, 0xe8, 0x01, 0x00, 0x00,
  0x1e, 0x00, 0x00, 0x00, 0x2b, 0x00, 0x04, 0x00, 0x77, 0x00, 0x00, 0x00, 0xee, 0x01, 0x00, 0x00,
  0x1e, 0x00, 0x00, 0x00, 0x2b, 0x00, 0x04, 0x00, 0x06, 0x00, 0x00, 0x00, 0xf7, 0x01, 0x00, 0x00,
  0x0a, 0x00, 0x00, 0x00, 0x17, 0x00, 0x04, 0x00, 0x10, 0x02, 0x00, 0x00, 0x9c, 0x00, 0x00, 0x00,
  0x03, 0x00, 0x00, 0x00, 0x20, 0x00, 0x04, 0x00, 0x6e, 0x02, 0x00, 0x00, 0x02, 0x00, 0x00, 0x00,
  0x0f, 0x00, 0x00, 0x00, 0x2b, 0x00, 0x04, 0x00, 0x77, 0x00, 0x00, 0x00, 0x79, 0x02, 0x00, 0x00,
  0x04, 0x00, 0x00, 0x00, 0x2b, 0x00, 0x04, 0x00, 0x06, 0x00, 0x00, 0x00, 0xc1, 0x02, 0x00, 0x00,
  0x24, 0x00, 0x00, 0x00, 0x2b, 0x00, 0x04, 0x00, 0x06, 0x00, 0x00, 0x00, 0x25, 0x03, 0x00, 0x00,
  0x20, 0x00, 0x00, 0x00, 0x20, 0x00, 0x04, 0x00, 0x39, 0x03, 0x00, 0x00, 0x01, 0x00, 0x00, 0x00,
  0x06, 0x00, 0x00, 0x00, 0x3b, 0x00, 0x04, 0x00, 0x39, 0x03, 0x00, 0x00, 0x3a, 0x03, 0x00, 0x00,
  0x01, 0x00, 0x00, 0x00, 0x20, 0x00, 0x04, 0x00, 0x40, 0x03, 0x00, 0x00, 0x03, 0x00, 0x00, 0x00,
  0x20, 0x00, 0x00, 0x00, 0x3b, 0x00, 0x04, 0x00, 0x40, 0x03, 0x00, 0x00, 0x41, 0x03, 0x00, 0x00,
  0x03, 0x00, 0x00, 0x00, 0x3b, 0x00, 0x04, 0x00, 0x40, 0x03, 0x00, 0x00, 0x44, 0x03, 0x00, 0x00,
  0x03, 0x00, 0x00, 0x00, 0x3b, 0x00, 0x04, 0x00, 0x40, 0x03, 0x00, 0x00, 0x47, 0x03, 0x00, 0x00,
  0x03, 0x00, 0x00, 0x00, 0x3b, 0x00, 0x04, 0x00, 0x40, 0x03, 0x00, 0x00, 0x4a, 0x03, 0x00, 0x00,
  0x03, 0x00, 0x00, 0x00, 0x3b, 0x00, 0x04, 0x00, 0x40, 0x03, 0x00, 0x00, 0x4d, 0x03, 0x00, 0x00,
  0x03, 0x00, 0x00, 0x00, 0x3b, 0x00, 0x04, 0x00, 0x40, 0x03, 0x00, 0x00, 0x50, 0x03, 0x00, 0x00,
  0x03, 0x00, 0x00, 0x00, 0x3b, 0x00, 0x04, 0x00, 0x40, 0x03, 0x00, 0x00, 0x53, 0x03, 0x00, 0x00,
  0x03, 0x00, 0x00, 0x00, 0x3b, 0x00, 0x04, 0x00, 0x40, 0x03, 0x00, 0x00, 0x56, 0x03, 0x00, 0x00,
  0x03, 0x00, 0x00, 0x00, 0x2b, 0x00, 0x04, 0x00, 0x0f, 0x00, 0x00, 0x00, 0xb1, 0x09, 0x00, 0x00,
  0x81, 0x80, 0x80, 0x3b, 0x2c, 0x00, 0x07, 0x00, 0x20, 0x00, 0x00, 0x00, 0xb2, 0x09, 0x00, 0x00,
  0xb1, 0x09, 0x00, 0x00, 0xb1, 0x09, 0x00, 0x00, 0xb1, 0x09, 0x00, 0x00, 0xb1, 0x09, 0x00, 0x00,
  0x2b, 0x00, 0x04, 0x00, 0x06, 0x00, 0x00, 0x00, 0xb3, 0x09, 0x00, 0x00, 0x05, 0x00, 0x00, 0x00,
  0x2b, 0x00, 0x04, 0x00, 0x06, 0x00, 0x00, 0x00, 0xb4, 0x09, 0x00, 0x00, 0x06, 0x00, 0x00, 0x00,
  0x2b, 0x00, 0x04, 0x00, 0x0f, 0x00, 0x00, 0x00, 0xb5, 0x09, 0x00, 0x00, 0x00, 0x00, 0x80, 0x40,
  0x2b, 0x00, 0x04, 0x00, 0x0f, 0x00, 0x00, 0x00, 0xb9, 0x09, 0x00, 0x00, 0x00, 0x00, 0x80, 0xc0,
  0x36, 0x00, 0x05, 0x00, 0x02, 0x00, 0x00, 0x00, 0x04, 0x00, 0x00, 0x00, 0x00, 0x00, 0x00, 0x00,
  0x03, 0x00, 0x00, 0x00, 0xf8, 0x00, 0x02, 0x00, 0x05, 0x00, 0x00, 0x00, 0x3b, 0x00, 0x04, 0x00,
  0x21, 0x00, 0x00, 0x00, 0x73, 0x03, 0x00, 0x00, 0x07, 0x00, 0x00, 0x00, 0x3b, 0x00, 0x04, 0x00,
  0x23, 0x00, 0x00, 0x00, 0x74, 0x03, 0x00, 0x00, 0x07, 0x00, 0x00, 0x00, 0x3d, 0x00, 0x04, 0x00,
  0x06, 0x00, 0x00, 0x00, 0x3b, 0x03, 0x00, 0x00, 0x3a, 0x03, 0x00, 0x00, 0x41, 0x00, 0x06, 0x00,
  0xba, 0x00, 0x00, 0x00, 0x88, 0x03, 0x00, 0x00, 0xb8, 0x00, 0x00, 0x00, 0xb9, 0x00, 0x00, 0x00,
  0xef, 0x00, 0x00, 0x00, 0x3d, 0x00, 0x04, 0x00, 0x06, 0x00, 0x00, 0x00, 0x89, 0x03, 0x00, 0x00,
  0x88, 0x03, 0x00, 0x00, 0xab, 0x00, 0x05, 0x00, 0x9c, 0x00, 0x00, 0x00, 0x8a, 0x03, 0x00, 0x00,
  0x89, 0x03, 0x00, 0x00, 0x9b, 0x00, 0x00, 0x00, 0xa9, 0x00, 0x06, 0x00, 0x06, 0x00, 0x00, 0x00,
  0x8d, 0x03, 0x00, 0x00, 0x8a, 0x03, 0x00, 0x00, 0x89, 0x03, 0x00, 0x00, 0xc1, 0x02, 0x00, 0x00,
  0x41, 0x00, 0x06, 0x00, 0xba, 0x00, 0x00, 0x00, 0x8e, 0x03, 0x00, 0x00, 0xb8, 0x00, 0x00, 0x00,
  0xb9, 0x00, 0x00, 0x00, 0x9b, 0x00, 0x00, 0x00, 0x3d, 0x00, 0x04, 0x00, 0x06, 0x00, 0x00, 0x00,
  0x8f, 0x03, 0x00, 0x00, 0x8e, 0x03, 0x00, 0x00, 0x84, 0x00, 0x05, 0x00, 0x06, 0x00, 0x00, 0x00,
  0x92, 0x03, 0x00, 0x00, 0x3b, 0x03, 0x00, 0x00, 0x8d, 0x03, 0x00, 0x00, 0x80, 0x00, 0x05, 0x00,
  0x06, 0x00, 0x00, 0x00, 0x93, 0x03, 0x00, 0x00, 0x8f, 0x03, 0x00, 0x00, 0x92, 0x03, 0x00, 0x00,
  0xc2, 0x00, 0x05, 0x00, 0x06, 0x00, 0x00, 0x00, 0xea, 0x03, 0x00, 0x00, 0x93, 0x03, 0x00, 0x00,
  0x7a, 0x00, 0x00, 0x00, 0x41, 0x00, 0x06, 0x00, 0x7d, 0x00, 0x00, 0x00, 0xeb, 0x03, 0x00, 0x00,
  0x76, 0x00, 0x00, 0x00, 0x78, 0x00, 0x00, 0x00, 0xea, 0x03, 0x00, 0x00, 0x3d, 0x00, 0x04, 0x00,
  0x06, 0x00, 0x00, 0x00, 0xec, 0x03, 0x00, 0x00, 0xeb, 0x03, 0x00, 0x00, 0xc7, 0x00, 0x05, 0x00,
  0x06, 0x00, 0x00, 0x00, 0xf1, 0x03, 0x00, 0x00, 0xec, 0x03, 0x00, 0x00, 0x5d, 0x00, 0x00, 0x00,
  0xc4, 0x00, 0x05, 0x00, 0x06, 0x00, 0x00, 0x00, 0xf2, 0x03, 0x00, 0x00, 0xf1, 0x03, 0x00, 0x00,
  0x5f, 0x00, 0x00, 0x00, 0xc7, 0x00, 0x05, 0x00, 0x06, 0x00, 0x00, 0x00, 0xf4, 0x03, 0x00, 0x00,
  0xec, 0x03, 0x00, 0x00, 0x62, 0x00, 0x00, 0x00, 0xc4, 0x00, 0x05, 0x00, 0x06, 0x00, 0x00, 0x00,
  0xf5, 0x03, 0x00, 0x00, 0xf4, 0x03, 0x00, 0x00, 0x64, 0x00, 0x00, 0x00, 0xc5, 0x00, 0x05, 0x00,
  0x06, 0x00, 0x00, 0x00, 0xf6, 0x03, 0x00, 0x00, 0xf2, 0x03, 0x00, 0x00, 0xf5, 0x03, 0x00, 0x00,
  0xc7, 0x00, 0x05, 0x00, 0x06, 0x00, 0x00, 0x00, 0xf8, 0x03, 0x00, 0x00, 0xec, 0x03, 0x00, 0x00,
  0x68, 0x00, 0x00, 0x00, 0xc2, 0x00, 0x05, 0x00, 0x06, 0x00, 0x00, 0x00, 0xf9, 0x03, 0x00, 0x00,
  0xf8, 0x03, 0x00, 0x00, 0x64, 0x00, 0x00, 0x00, 0xc5, 0x00, 0x05, 0x00, 0x06, 0x00, 0x00, 0x00,
  0xfa, 0x03, 0x00, 0x00, 0xf6, 0x03, 0x00, 0x00, 0xf9, 0x03, 0x00, 0x00, 0xc7, 0x00, 0x05, 0x00,
  0x06, 0x00, 0x00, 0x00, 0xfc, 0x03, 0x00, 0x00, 0xec, 0x03, 0x00, 0x00, 0x6d, 0x00, 0x00, 0x00,
  0xc2, 0x00, 0x05, 0x00, 0x06, 0x00, 0x00, 0x00, 0xfd, 0x03, 0x00, 0x00, 0xfc, 0x03, 0x00, 0x00,
  0x5f, 0x00, 0x00, 0x00, 0xc5, 0x00, 0x05, 0x00, 0x06, 0x00, 0x00, 0x00, 0xfe, 0x03, 0x00, 0x00,
  0xfa, 0x03, 0x00, 0x00, 0xfd, 0x03, 0x00, 0x00, 0x7c, 0x00, 0x04, 0x00, 0x0f, 0x00, 0x00, 0x00,
  0xe5, 0x03, 0x00, 0x00, 0xfe, 0x03, 0x00, 0x00, 0x80, 0x00, 0x05, 0x00, 0x06, 0x00, 0x00, 0x00,
  0x98, 0x03, 0x00, 0x00, 0x93, 0x03, 0x00, 0x00, 0xae, 0x00, 0x00, 0x00, 0xc2, 0x00, 0x05, 0x00,
  0x06, 0x00, 0x00, 0x00, 0x09, 0x04, 0x00, 0x00, 0x98, 0x03, 0x00, 0x00, 0x7a, 0x00, 0x00, 0x00,
  0x41, 0x00, 0x06, 0x00, 0x7d, 0x00, 0x00, 0x00, 0x0a, 0x04, 0x00, 0x00, 0x76, 0x00, 0x00, 0x00,
  0x78, 0x00, 0x00, 0x00, 0x09, 0x04, 0x00, 0x00, 0x3d, 0x00, 0x04, 0x00, 0x06, 0x00, 0x00, 0x00,
  0x0b, 0x04, 0x00, 0x00, 0x0a, 0x04, 0x00, 0x00, 0xc7, 0x00, 0x05, 0x00, 0x06, 0x00, 0x00, 0x00,
  0x10, 0x04, 0x00, 0x00, 0x0b, 0x04, 0x00, 0x00, 0x5d, 0x00, 0x00, 0x00, 0xc4, 0x00, 0x05, 0x00,
  0x06, 0x00, 0x00, 0x00, 0x11, 0x04, 0x00, 0x00, 0x10, 0x04, 0x00, 0x00, 0x5f, 0x00, 0x00, 0x00,
  0xc7, 0x00, 0x05, 0x00, 0x06, 0x00, 0x00, 0x00, 0x13, 0x04, 0x00, 0x00, 0x0b, 0x04, 0x00, 0x00,
  0x62, 0x00, 0x00, 0x00, 0xc4, 0x00, 0x05, 0x00, 0x06, 0x00, 0x00, 0x00, 0x14, 0x04, 0x00, 0x00,
  0x13, 0x04, 0x00, 0x00, 0x64, 0x00, 0x00, 0x00, 0xc5, 0x00, 0x05, 0x00, 0x06, 0x00, 0x00, 0x00,
  0x15, 0x04, 0x00, 0x00, 0x11, 0x04, 0x00, 0x00, 0x14, 0x04, 0x00, 0x00, 0xc7, 0x00, 0x05, 0x00,
  0x06, 0x00, 0x00, 0x00, 0x17, 0x04, 0x00, 0x00, 0x0b, 0x04, 0x00, 0x00, 0x68, 0x00, 0x00, 0x00,
  0xc2, 0x00, 0x05, 0x00, 0x06, 0x00, 0x00, 0x00, 0x18, 0x04, 0x00, 0x00, 0x17, 0x04, 0x00, 0x00,
  0x64, 0x00, 0x00, 0x00, 0xc5, 0x00, 0x05, 0x00, 0x06, 0x00, 0x00, 0x00, 0x19, 0x04, 0x00, 0x00,
  0x15, 0x04, 0x00, 0x00, 0x18, 0x04, 0x00, 0x00, 0xc7, 0x00, 0x05, 0x00, 0x06, 0x00, 0x00, 0x00,
  0x1b, 0x04, 0x00, 0x00, 0x0b, 0x04, 0x00, 0x00, 0x6d, 0x00, 0x00, 0x00, 0xc2, 0x00, 0x05, 0x00,
  0x06, 0x00, 0x00, 0x00, 0x1c, 0x04, 0x00, 0x00, 0x1b, 0x04, 0x00, 0x00, 0x5f, 0x00, 0x00, 0x00,
  0xc5, 0x00, 0x05, 0x00, 0x06, 0x00, 0x00, 0x00, 0x1d, 0x04, 0x00, 0x00, 0x19, 0x04, 0x00, 0x00,
  0x1c, 0x04, 0x00, 0x00, 0x7c, 0x00, 0x04, 0x00, 0x0f, 0x00, 0x00, 0x00, 0x04, 0x04, 0x00, 0x00,
  0x1d, 0x04, 0x00, 0x00, 0x80, 0x00, 0x05, 0x00, 0x06, 0x00, 0x00, 0x00, 0x9b, 0x03, 0x00, 0x00,
  0x93, 0x03, 0x00, 0x00, 0x64, 0x00, 0x00, 0x00, 0xc2, 0x00, 0x05, 0x00, 0x06, 0x00, 0x00, 0x00,
  0x28, 0x04, 0x00, 0x00, 0x9b, 0x03, 0x00, 0x00, 0x7a, 0x00, 0x00, 0x00, 0x41, 0x00, 0x06, 0x00,
  0x7d, 0x00, 0x00, 0x00, 0x29, 0x04, 0x00, 0x00, 0x76, 0x00, 0x00, 0x00, 0x78, 0x00, 0x00, 0x00,
  0x28, 0x04, 0x00, 0x00, 0x3d, 0x00, 0x04, 0x00, 0x06, 0x00, 0x00, 0x00, 0x2a, 0x04, 0x00, 0x00,
  0x29, 0x04, 0x00, 0x00, 0xc7, 0x00, 0x05, 0x00, 0x06, 0x00, 0x00, 0x00, 0x2f, 0x04, 0x00, 0x00,
  0x2a, 0x04, 0x00, 0x00, 0x5d, 0x00, 0x00, 0x00, 0xc4, 0x00, 0x05, 0x00, 0x06, 0x00, 0x00, 0x00,
  0x30, 0x04, 0x00, 0x00, 0x2f, 0x04, 0x00, 0x00, 0x5f, 0x00, 0x00, 0x00, 0xc7, 0x00, 0x05, 0x00,
  0x06, 0x00, 0x00, 0x00, 0x32, 0x04, 0x00, 0x00, 0x2a, 0x04, 0x00, 0x00, 0x62, 0x00, 0x00, 0x00,
  0xc4, 0x00, 0x05, 0x00, 0x06, 0x00, 0x00, 0x00, 0x33, 0x04, 0x00, 0x00, 0x32, 0x04, 0x00, 0x00,
  0x64, 0x00, 0x00, 0x00, 0xc5, 0x00, 0x05, 0x00, 0x06, 0x00, 0x00, 0x00, 0x34, 0x04, 0x00, 0x00,
  0x30, 0x04, 0x00, 0x00, 0x33, 0x04, 0x00, 0x00, 0xc7, 0x00, 0x05, 0x00, 0x06, 0x00, 0x00, 0x00,
  0x36, 0x04, 0x00, 0x00, 0x2a, 0x04, 0x00, 0x00, 0x68, 0x00, 0x00, 0x00, 0xc2, 0x00, 0x05, 0x00,
  0x06, 0x00, 0x00, 0x00, 0x37, 0x04, 0x00, 0x00, 0x36, 0x04, 0x00, 0x00, 0x64, 0x00, 0x00, 0x00,
  0xc5, 0x00, 0x05, 0x00, 0x06, 0x00, 0x00, 0x00, 0x38, 0x04, 0x00, 0x00, 0x34, 0x04, 0x00, 0x00,
  0x37, 0x04, 0x00, 0x00, 0xc7, 0x00, 0x05, 0x00, 0x06, 0x00, 0x00, 0x00, 0x3a, 0x04, 0x00, 0x00,
  0x2a, 0x04, 0x00, 0x00, 0x6d, 0x00, 0x00, 0x00, 0xc2, 0x00, 0x05, 0x00, 0x06, 0x00, 0x00, 0x00,
  0x3b, 0x04, 0x00, 0x00, 0x3a, 0x04, 0x00, 0x00, 0x5f, 0x00, 0x00, 0x00, 0xc5, 0x00, 0x05, 0x00,
  0x06, 0x00, 0x00, 0x00, 0x3c, 0x04, 0x00, 0x00, 0x38, 0x04, 0x00, 0x00, 0x3b, 0x04, 0x00, 0x00,
  0x7c, 0x00, 0x04, 0x00, 0x0f, 0x00, 0x00, 0x00, 0x23, 0x04, 0x00, 0x00, 0x3c, 0x04, 0x00, 0x00,
  0x80, 0x00, 0x05, 0x00, 0x06, 0x00, 0x00, 0x00, 0x9f, 0x03, 0x00, 0x00, 0x93, 0x03, 0x00, 0x00,
  0xcf, 0x00, 0x00, 0x00, 0xc2, 0x00, 0x05, 0x00, 0x06, 0x00, 0x00, 0x00, 0x41, 0x04, 0x00, 0x00,
  0x9f, 0x03, 0x00, 0x00, 0x7a, 0x00, 0x00, 0x00, 0x41, 0x00, 0x06, 0x00, 0x7d, 0x00, 0x00, 0x00,
  0x42, 0x04, 0x00, 0x00, 0x76, 0x00, 0x00, 0x00, 0x78, 0x00, 0x00, 0x00, 0x41, 0x04, 0x00, 0x00,
  0x3d, 0x00, 0x04, 0x00, 0x06, 0x00, 0x00, 0x00, 0x43, 0x04, 0x00, 0x00, 0x42, 0x04, 0x00, 0x00,
  0xc7, 0x00, 0x05, 0x00, 0x06, 0x00, 0x00, 0x00, 0x48, 0x04, 0x00, 0x00, 0x43, 0x04, 0x00, 0x00,
  0x5d, 0x00, 0x00, 0x00, 0xc4, 0x00, 0x05, 0x00, 0x06, 0x00, 0x00, 0x00, 0x49, 0x04, 0x00, 0x00,
  0x48, 0x04, 0x00, 0x00, 0x5f, 0x00, 0x00, 0x00, 0xc7, 0x00, 0x05, 0x00, 0x06, 0x00, 0x00, 0x00,
  0x4b, 0x04, 0x00, 0x00, 0x43, 0x04, 0x00, 0x00, 0x62, 0x00, 0x00, 0x00, 0xc4, 0x00, 0x05, 0x00,
  0x06, 0x00, 0x00, 0x00, 0x4c, 0x04, 0x00, 0x00, 0x4b, 0x04, 0x00, 0x00, 0x64, 0x00, 0x00, 0x00,
  0xc5, 0x00, 0x05, 0x00, 0x06, 0x00, 0x00, 0x00, 0x4d, 0x04, 0x00, 0x00, 0x49, 0x04, 0x00, 0x00,
  0x4c, 0x04, 0x00, 0x00, 0xc7, 0x00, 0x05, 0x00, 0x06, 0x00, 0x00, 0x00, 0x4f, 0x04, 0x00, 0x00,
  0x43, 0x04, 0x00, 0x00, 0x68, 0x00, 0x00, 0x00, 0xc2, 0x00, 0x05, 0x00, 0x06, 0x00, 0x00, 0x00,
  0x50, 0x04, 0x00, 0x00, 0x4f, 0x04, 0x00, 0x00, 0x64, 0x00, 0x00, 0x00, 0xc5, 0x00, 0x05, 0x00,
  0x06, 0x00, 0x00, 0x00, 0x51, 0x04, 0x00, 0x00, 0x4d, 0x04, 0x00, 0x00, 0x50, 0x04, 0x00, 0x00,
  0xc7, 0x00, 0x05, 0x00, 0x06, 0x00, 0x00, 0x00, 0x53, 0x04, 0x00, 0x00, 0x43, 0x04, 0x00, 0x00,
  0x6d, 0x00, 0x00, 0x00, 0xc2, 0x00, 0x05, 0x00, 0x06, 0x00, 0x00, 0x00, 0x54, 0x04, 0x00, 0x00,
  0x53, 0x04, 0x00, 0x00, 0x5f, 0x00, 0x00, 0x00, 0xc5, 0x00, 0x05, 0x00, 0x06, 0x00, 0x00, 0x00,
  0x55, 0x04, 0x00, 0x00, 0x51, 0x04, 0x00, 0x00, 0x54, 0x04, 0x00, 0x00, 0x80, 0x00, 0x05, 0x00,
  0x06, 0x00, 0x00, 0x00, 0xa2, 0x03, 0x00, 0x00, 0x93, 0x03, 0x00, 0x00, 0xd6, 0x00, 0x00, 0x00,
  0xc2, 0x00, 0x05, 0x00, 0x06, 0x00, 0x00, 0x00, 0x5a, 0x04, 0x00, 0x00, 0xa2, 0x03, 0x00, 0x00,
  0x7a, 0x00, 0x00, 0x00, 0x41, 0x00, 0x06, 0x00, 0x7d, 0x00, 0x00, 0x00, 0x5b, 0x04, 0x00, 0x00,
  0x76, 0x00, 0x00, 0x00, 0x78, 0x00, 0x00, 0x00, 0x5a, 0x04, 0x00, 0x00, 0x3d, 0x00, 0x04, 0x00,
  0x06, 0x00, 0x00, 0x00, 0x5c, 0x04, 0x00, 0x00, 0x5b, 0x04, 0x00, 0x00, 0xc7, 0x00, 0x05, 0x00,
  0x06, 0x00, 0x00, 0x00, 0x61, 0x04, 0x00, 0x00, 0x5c, 0x04, 0x00, 0x00, 0x5d, 0x00, 0x00, 0x00,
  0xc4, 0x00, 0x05, 0x00, 0x06, 0x00, 0x00, 0x00, 0x62, 0x04, 0x00, 0x00, 0x61, 0x04, 0x00, 0x00,
  0x5f, 0x00, 0x00, 0x00, 0xc7, 0x00, 0x05, 0x00, 0x06, 0x00, 0x00, 0x00, 0x64, 0x04, 0x00, 0x00,
  0x5c, 0x04, 0x00, 0x00, 0x62, 0x00, 0x00, 0x00, 0xc4, 0x00, 0x05, 0x00, 0x06, 0x00, 0x00, 0x00,
  0x65, 0x04, 0x00, 0x00, 0x64, 0x04, 0x00, 0x00, 0x64, 0x00, 0x00, 0x00, 0xc5, 0x00, 0x05, 0x00,
  0x06, 0x00, 0x00, 0x00, 0x66, 0x04, 0x00, 0x00, 0x62, 0x04, 0x00, 0x00, 0x65, 0x04, 0x00, 0x00,
  0xc7, 0x00, 0x05, 0x00, 0x06, 0x00, 0x00, 0x00, 0x68, 0x04, 0x00, 0x00, 0x5c, 0x04, 0x00, 0x00,
  0x68, 0x00, 0x00, 0x00, 0xc2, 0x00, 0x05, 0x00, 0x06, 0x00, 0x00, 0x00, 0x69, 0x04, 0x00, 0x00,
  0x68, 0x04, 0x00, 0x00, 0x64, 0x00, 0x00, 0x00, 0xc5, 0x00, 0x05, 0x00, 0x06, 0x00, 0x00, 0x00,
  0x6a, 0x04, 0x00, 0x00, 0x66, 0x04, 0x00, 0x00, 0x69, 0x04, 0x00, 0x00, 0xc7, 0x00, 0x05, 0x00,
  0x06, 0x00, 0x00, 0x00, 0x6c, 0x04, 0x00, 0x00, 0x5c, 0x04, 0x00, 0x00, 0x6d, 0x00, 0x00, 0x00,
  0xc2, 0x00, 0x05, 0x00, 0x06, 0x00, 0x00, 0x00, 0x6d, 0x04, 0x00, 0x00, 0x6c, 0x04, 0x00, 0x00,
  0x5f, 0x00, 0x00, 0x00, 0xc5, 0x00, 0x05, 0x00, 0x06, 0x00, 0x00, 0x00, 0x6e, 0x04, 0x00, 0x00,
  0x6a, 0x04, 0x00, 0x00, 0x6d, 0x04, 0x00, 0x00, 0xc2, 0x00, 0x05, 0x00, 0x06, 0x00, 0x00, 0x00,
  0xa5, 0x03, 0x00, 0x00, 0x55, 0x04, 0x00, 0x00, 0xd6, 0x00, 0x00, 0x00, 0xc7, 0x00, 0x05, 0x00,
  0x06, 0x00, 0x00, 0x00, 0xa6, 0x03, 0x00, 0x00, 0xa5, 0x03, 0x00, 0x00, 0x5d, 0x00, 0x00, 0x00,
  0x70, 0x00, 0x04, 0x00, 0x0f, 0x00, 0x00, 0x00, 0xa7, 0x03, 0x00, 0x00, 0xa6, 0x03, 0x00, 0x00,
  0xc2, 0x00, 0x05, 0x00, 0x06, 0x00, 0x00, 0x00, 0xa9, 0x03, 0x00, 0x00, 0x55, 0x04, 0x00, 0x00,
  0x64, 0x00, 0x00, 0x00, 0xc7, 0x00, 0x05, 0x00, 0x06, 0x00, 0x00, 0x00, 0xaa, 0x03, 0x00, 0x00,
  0xa9, 0x03, 0x00, 0x00, 0x5d, 0x00, 0x00, 0x00, 0x70, 0x00, 0x04, 0x00, 0x0f, 0x00, 0x00, 0x00,
  0xab, 0x03, 0x00, 0x00, 0xaa, 0x03, 0x00, 0x00, 0xc7, 0x00, 0x05, 0x00, 0x06, 0x00, 0x00, 0x00,
  0xad, 0x03, 0x00, 0x00, 0x55, 0x04, 0x00, 0x00, 0x5d, 0x00, 0x00, 0x00, 0x70, 0x00, 0x04, 0x00,
  0x0f, 0x00, 0x00, 0x00, 0xae, 0x03, 0x00, 0x00, 0xad, 0x03, 0x00, 0x00, 0xc2, 0x00, 0x05, 0x00,
  0x06, 0x00, 0x00, 0x00, 0xb0, 0x03, 0x00, 0x00, 0x55, 0x04, 0x00, 0x00, 0x5f, 0x00, 0x00, 0x00,
  0xc7, 0x00, 0x05, 0x00, 0x06, 0x00, 0x00, 0x00, 0xb1, 0x03, 0x00, 0x00, 0xb0, 0x03, 0x00, 0x00,
  0x5d, 0x00, 0x00, 0x00, 0x70, 0x00, 0x04, 0x00, 0x0f, 0x00, 0x00, 0x00, 0xb2, 0x03, 0x00, 0x00,
  0xb1, 0x03, 0x00, 0x00, 0x50, 0x00, 0x07, 0x00, 0x20, 0x00, 0x00, 0x00, 0xb3, 0x03, 0x00, 0x00,
  0xa7, 0x03, 0x00, 0x00, 0xab, 0x03, 0x00, 0x00, 0xae, 0x03, 0x00, 0x00, 0xb2, 0x03, 0x00, 0x00,
  0x85, 0x00, 0x05, 0x00, 0x20, 0x00, 0x00, 0x00, 0xb5, 0x03, 0x00, 0x00, 0xb3, 0x03, 0x00, 0x00,
  0xb2, 0x09, 0x00, 0x00, 0xc2, 0x00, 0x05, 0x00, 0x06, 0x00, 0x00, 0x00, 0xb7, 0x03, 0x00, 0x00,
  0x6e, 0x04, 0x00, 0x00, 0xd6, 0x00, 0x00, 0x00, 0xc7, 0x00, 0x05, 0x00, 0x06, 0x00, 0x00, 0x00,
  0xb8, 0x03, 0x00, 0x00, 0xb7, 0x03, 0x00, 0x00, 0x5d, 0x00, 0x00, 0x00, 0xc2, 0x00, 0x05, 0x00,
  0x06, 0x00, 0x00, 0x00, 0xba, 0x03, 0x00, 0x00, 0x6e, 0x04, 0x00, 0x00, 0x64, 0x00, 0x00, 0x00,
  0xc7, 0x00, 0x05, 0x00, 0x06, 0x00, 0x00, 0x00, 0xbb, 0x03, 0x00, 0x00, 0xba, 0x03, 0x00, 0x00,
  0x5d, 0x00, 0x00, 0x00, 0xc7, 0x00, 0x05, 0x00, 0x06, 0x00, 0x00, 0x00, 0xbd, 0x03, 0x00, 0x00,
  0x6e, 0x04, 0x00, 0x00, 0x5d, 0x00, 0x00, 0x00, 0xc2, 0x00, 0x05, 0x00, 0x06, 0x00, 0x00, 0x00,
  0xbf, 0x03, 0x00, 0x00, 0x6e, 0x04, 0x00, 0x00, 0x5f, 0x00, 0x00, 0x00, 0xc7, 0x00, 0x05, 0x00,
  0x06, 0x00, 0x00, 0x00, 0xc0, 0x03, 0x00, 0x00, 0xbf, 0x03, 0x00, 0x00, 0x5d, 0x00, 0x00, 0x00,
  0x50, 0x00, 0x07, 0x00, 0x22, 0x00, 0x00, 0x00, 0xc1, 0x03, 0x00, 0x00, 0xb8, 0x03, 0x00, 0x00,
  0xbb, 0x03, 0x00, 0x00, 0xbd, 0x03, 0x00, 0x00, 0xc0, 0x03, 0x00, 0x00, 0x3e, 0x00, 0x03, 0x00,
  0x73, 0x03, 0x00, 0x00, 0xb5, 0x03, 0x00, 0x00, 0x3e, 0x00, 0x03, 0x00, 0x74, 0x03, 0x00, 0x00,
  0xc1, 0x03, 0x00, 0x00, 0xf9, 0x00, 0x02, 0x00, 0x79, 0x04, 0x00, 0x00, 0xf8, 0x00, 0x02, 0x00,
  0x79, 0x04, 0x00, 0x00, 0xf5, 0x00, 0x07, 0x00, 0x1a, 0x00, 0x00, 0x00, 0xbf, 0x09, 0x00, 0x00,
  0x5f, 0x01, 0x00, 0x00, 0x05, 0x00, 0x00, 0x00, 0xc4, 0x09, 0x00, 0x00, 0xb7, 0x04, 0x00, 0x00,
  0xf5, 0x00, 0x07, 0x00, 0x1a, 0x00, 0x00, 0x00, 0xbe, 0x09, 0x00, 0x00, 0x5f, 0x01, 0x00, 0x00,
  0x05, 0x00, 0x00, 0x00, 0xc3, 0x09, 0x00, 0x00, 0xb7, 0x04, 0x00, 0x00, 0xf5, 0x00, 0x07, 0x00,
  0x1a, 0x00, 0x00, 0x00, 0xbd, 0x09, 0x00, 0x00, 0x5f, 0x01, 0x00, 0x00, 0x05, 0x00, 0x00, 0x00,
  0xc2, 0x09, 0x00, 0x00, 0xb7, 0x04, 0x00, 0x00, 0xf5, 0x00, 0x07, 0x00, 0x1a, 0x00, 0x00, 0x00,
  0xbc, 0x09, 0x00, 0x00, 0x5f, 0x01, 0x00, 0x00, 0x05, 0x00, 0x00, 0x00, 0xc1, 0x09, 0x00, 0x00,
  0xb7, 0x04, 0x00, 0x00, 0xf5, 0x00, 0x07, 0x00, 0x06, 0x00, 0x00, 0x00, 0xbb, 0x09, 0x00, 0x00,
  0x9b, 0x00, 0x00, 0x00, 0x05, 0x00, 0x00, 0x00, 0xb9, 0x04, 0x00, 0x00, 0xb7, 0x04, 0x00, 0x00,
  0xb0, 0x00, 0x05, 0x00, 0x9c, 0x00, 0x00, 0x00, 0x7c, 0x04, 0x00, 0x00, 0xbb, 0x09, 0x00, 0x00,
  0xae, 0x00, 0x00, 0x00, 0xf6, 0x00, 0x04, 0x00, 0xba, 0x04, 0x00, 0x00, 0xb7, 0x04, 0x00, 0x00,
  0x01, 0x00, 0x00, 0x00, 0xfa, 0x00, 0x04, 0x00, 0x7c, 0x04, 0x00, 0x00, 0x7d, 0x04, 0x00, 0x00,
  0xba, 0x04, 0x00, 0x00, 0xf8, 0x00, 0x02, 0x00, 0x7d, 0x04, 0x00, 0x00, 0x41, 0x00, 0x05, 0x00,
  0xe4, 0x00, 0x00, 0x00, 0x7f, 0x04, 0x00, 0x00, 0x73, 0x03, 0x00, 0x00, 0xbb, 0x09, 0x00, 0x00,
  0x3d, 0x00, 0x04, 0x00, 0x0f, 0x00, 0x00, 0x00, 0x80, 0x04, 0x00, 0x00, 0x7f, 0x04, 0x00, 0x00,
  0xbc, 0x00, 0x05, 0x00, 0x9c, 0x00, 0x00, 0x00, 0x81, 0x04, 0x00, 0x00, 0x80, 0x04, 0x00, 0x00,
  0x5e, 0x01, 0x00, 0x00, 0x41, 0x00, 0x05, 0x00, 0x07, 0x00, 0x00, 0x00, 0x83, 0x04, 0x00, 0x00,
  0x74, 0x03, 0x00, 0x00, 0xbb, 0x09, 0x00, 0x00, 0x3d, 0x00, 0x04, 0x00, 0x06, 0x00, 0x00, 0x00,
  0x84, 0x04, 0x00, 0x00, 0x83, 0x04, 0x00, 0x00, 0x41, 0x00, 0x06, 0x00, 0xba, 0x00, 0x00, 0x00,
  0x85, 0x04, 0x00, 0x00, 0xb8, 0x00, 0x00, 0x00, 0xb9, 0x00, 0x00, 0x00, 0x7a, 0x00, 0x00, 0x00,
  0x3d, 0x00, 0x04, 0x00, 0x06, 0x00, 0x00, 0x00, 0x86, 0x04, 0x00, 0x00, 0x85, 0x04, 0x00, 0x00,
  0xae, 0x00, 0x05, 0x00, 0x9c, 0x00, 0x00, 0x00, 0x87, 0x04, 0x00, 0x00, 0x84, 0x04, 0x00, 0x00,
  0x86, 0x04, 0x00, 0x00, 0xa6, 0x00, 0x05, 0x00, 0x9c, 0x00, 0x00, 0x00, 0x88, 0x04, 0x00, 0x00,
  0x81, 0x04, 0x00, 0x00, 0x87, 0x04, 0x00, 0x00, 0xf7, 0x00, 0x03, 0x00, 0x8a, 0x04, 0x00, 0x00,
  0x00, 0x00, 0x00, 0x00, 0xfa, 0x00, 0x04, 0x00, 0x88, 0x04, 0x00, 0x00, 0x89, 0x04, 0x00, 0x00,
  0x8a, 0x04, 0x00, 0x00, 0xf8, 0x00, 0x02, 0x00, 0x89, 0x04, 0x00, 0x00, 0xf9, 0x00, 0x02, 0x00,
  0xb7, 0x04, 0x00, 0x00, 0xf8, 0x00, 0x02, 0x00, 0x8a, 0x04, 0x00, 0x00, 0x3d, 0x00, 0x04, 0x00,
  0x06, 0x00, 0x00, 0x00, 0x8d, 0x04, 0x00, 0x00, 0x83, 0x04, 0x00, 0x00, 0x41, 0x00, 0x06, 0x00,
  0xba, 0x00, 0x00, 0x00, 0xd6, 0x04, 0x00, 0x00, 0xb8, 0x00, 0x00, 0x00, 0xb9, 0x00, 0x00, 0x00,
  0x94, 0x00, 0x00, 0x00, 0x3d, 0x00, 0x04, 0x00, 0x06, 0x00, 0x00, 0x00, 0xd7, 0x04, 0x00, 0x00,
  0xd6, 0x04, 0x00, 0x00, 0x84, 0x00, 0x05, 0x00, 0x06, 0x00, 0x00, 0x00, 0xd9, 0x04, 0x00, 0x00,
  0x8d, 0x04, 0x00, 0x00, 0xbe, 0x00, 0x00, 0x00, 0x80, 0x00, 0x05, 0x00, 0x06, 0x00, 0x00, 0x00,
  0xda, 0x04, 0x00, 0x00, 0xd7, 0x04, 0x00, 0x00, 0xd9, 0x04, 0x00, 0x00, 0xc2, 0x00, 0x05, 0x00,
  0x06, 0x00, 0x00, 0x00, 0x60, 0x05, 0x00, 0x00, 0xda, 0x04, 0x00, 0x00, 0x7a, 0x00, 0x00, 0x00,
  0xc2, 0x00, 0x05, 0x00, 0x06, 0x00, 0x00, 0x00, 0x62, 0x05, 0x00, 0x00, 0x60, 0x05, 0x00, 0x00,
  0x94, 0x00, 0x00, 0x00, 0x41, 0x00, 0x06, 0x00, 0x96, 0x00, 0x00, 0x00, 0x63, 0x05, 0x00, 0x00,
  0x92, 0x00, 0x00, 0x00, 0x78, 0x00, 0x00, 0x00, 0x62, 0x05, 0x00, 0x00, 0x3d, 0x00, 0x04, 0x00,
  0x8c, 0x00, 0x00, 0x00, 0x64, 0x05, 0x00, 0x00, 0x63, 0x05, 0x00, 0x00, 0xc7, 0x00, 0x05, 0x00,
  0x06, 0x00, 0x00, 0x00, 0x66, 0x05, 0x00, 0x00, 0x60, 0x05, 0x00, 0x00, 0x94, 0x00, 0x00, 0x00,
  0xab, 0x00, 0x05, 0x00, 0x9c, 0x00, 0x00, 0x00, 0x67, 0x05, 0x00, 0x00, 0x66, 0x05, 0x00, 0x00,
  0x9b, 0x00, 0x00, 0x00, 0x51, 0x00, 0x05, 0x00, 0x06, 0x00, 0x00, 0x00, 0x69, 0x05, 0x00, 0x00,
  0x64, 0x05, 0x00, 0x00, 0x01, 0x00, 0x00, 0x00, 0x51, 0x00, 0x05, 0x00, 0x06, 0x00, 0x00, 0x00,
  0x6b, 0x05, 0x00, 0x00, 0x64, 0x05, 0x00, 0x00, 0x00, 0x00, 0x00, 0x00, 0xa9, 0x00, 0x06, 0x00,
  0x06, 0x00, 0x00, 0x00, 0x6c, 0x05, 0x00, 0x00, 0x67, 0x05, 0x00, 0x00, 0x69, 0x05, 0x00, 0x00,
  0x6b, 0x05, 0x00, 0x00, 0xc7, 0x00, 0x05, 0x00, 0x06, 0x00, 0x00, 0x00, 0x71, 0x05, 0x00, 0x00,
  0x6c, 0x05, 0x00, 0x00, 0x5d, 0x00, 0x00, 0x00, 0xc4, 0x00, 0x05, 0x00, 0x06, 0x00, 0x00, 0x00,
  0x72, 0x05, 0x00, 0x00, 0x71, 0x05, 0x00, 0x00, 0x5f, 0x00, 0x00, 0x00, 0xc7, 0x00, 0x05, 0x00,
  0x06, 0x00, 0x00, 0x00, 0x74, 0x05, 0x00, 0x00, 0x6c, 0x05, 0x00, 0x00, 0x62, 0x00, 0x00, 0x00,
  0xc4, 0x00, 0x05, 0x00, 0x06, 0x00, 0x00, 0x00, 0x75, 0x05, 0x00, 0x00, 0x74, 0x05, 0x00, 0x00,
  0x64, 0x00, 0x00, 0x00, 0xc5, 0x00, 0x05, 0x00, 0x06, 0x00, 0x00, 0x00, 0x76, 0x05, 0x00, 0x00,
  0x72, 0x05, 0x00, 0x00, 0x75, 0x05, 0x00, 0x00, 0xc7, 0x00, 0x05, 0x00, 0x06, 0x00, 0x00, 0x00,
  0x78, 0x05, 0x00, 0x00, 0x6c, 0x05, 0x00, 0x00, 0x68, 0x00, 0x00, 0x00, 0xc2, 0x00, 0x05, 0x00,
  0x06, 0x00, 0x00, 0x00, 0x79, 0x05, 0x00, 0x00, 0x78, 0x05, 0x00, 0x00, 0x64, 0x00, 0x00, 0x00,
  0xc5, 0x00, 0x05, 0x00, 0x06, 0x00, 0x00, 0x00, 0x7a, 0x05, 0x00, 0x00, 0x76, 0x05, 0x00, 0x00,
  0x79, 0x05, 0x00, 0x00, 0xc7, 0x00, 0x05, 0x00, 0x06, 0x00, 0x00, 0x00, 0x7c, 0x05, 0x00, 0x00,
  0x6c, 0x05, 0x00, 0x00, 0x6d, 0x00, 0x00, 0x00, 0xc2, 0x00, 0x05, 0x00, 0x06, 0x00, 0x00, 0x00,
  0x7d, 0x05, 0x00, 0x00, 0x7c, 0x05, 0x00, 0x00, 0x5f, 0x00, 0x00, 0x00, 0xc5, 0x00, 0x05, 0x00,
  0x06, 0x00, 0x00, 0x00, 0x7e, 0x05, 0x00, 0x00, 0x7a, 0x05, 0x00, 0x00, 0x7d, 0x05, 0x00, 0x00,
  0x7c, 0x00, 0x04, 0x00, 0x0f, 0x00, 0x00, 0x00, 0x59, 0x05, 0x00, 0x00, 0x7e, 0x05, 0x00, 0x00,
  0x80, 0x00, 0x05, 0x00, 0x06, 0x00, 0x00, 0x00, 0xdf, 0x04, 0x00, 0x00, 0xda, 0x04, 0x00, 0x00,
  0xae, 0x00, 0x00, 0x00, 0xc2, 0x00, 0x05, 0x00, 0x06, 0x00, 0x00, 0x00, 0x8b, 0x05, 0x00, 0x00,
  0xdf, 0x04, 0x00, 0x00, 0x7a, 0x00, 0x00, 0x00, 0xc2, 0x00, 0x05, 0x00, 0x06, 0x00, 0x00, 0x00,
  0x8d, 0x05, 0x00, 0x00, 0x8b, 0x05, 0x00, 0x00, 0x94, 0x00, 0x00, 0x00, 0x41, 0x00, 0x06, 0x00,
  0x96, 0x00, 0x00, 0x00, 0x8e, 0x05, 0x00, 0x00, 0x92, 0x00, 0x00, 0x00, 0x78, 0x00, 0x00, 0x00,
  0x8d, 0x05, 0x00, 0x00, 0x3d, 0x00, 0x04, 0x00, 0x8c, 0x00, 0x00, 0x00, 0x8f, 0x05, 0x00, 0x00,
  0x8e, 0x05, 0x00, 0x00, 0xc7, 0x00, 0x05, 0x00, 0x06, 0x00, 0x00, 0x00, 0x91, 0x05, 0x00, 0x00,
  0x8b, 0x05, 0x00, 0x00, 0x94, 0x00, 0x00, 0x00, 0xab, 0x00, 0x05, 0x00, 0x9c, 0x00, 0x00, 0x00,
  0x92, 0x05, 0x00, 0x00, 0x91, 0x05, 0x00, 0x00, 0x9b, 0x00, 0x00, 0x00, 0x51, 0x00, 0x05, 0x00,
  0x06, 0x00, 0x00, 0x00, 0x94, 0x05, 0x00, 0x00, 0x8f, 0x05, 0x00, 0x00, 0x01, 0x00, 0x00, 0x00,
  0x51, 0x00, 0x05, 0x00, 0x06, 0x00, 0x00, 0x00, 0x96, 0x05, 0x00, 0x00, 0x8f, 0x05, 0x00, 0x00,
  0x00, 0x00, 0x00, 0x00, 0xa9, 0x00, 0x06, 0x00, 0x06, 0x00, 0x00, 0x00, 0x97, 0x05, 0x00, 0x00,
  0x92, 0x05, 0x00, 0x00, 0x94, 0x05, 0x00, 0x00, 0x96, 0x05, 0x00, 0x00, 0xc7, 0x00, 0x05, 0x00,
  0x06, 0x00, 0x00, 0x00, 0x9c, 0x05, 0x00, 0x00, 0x97, 0x05, 0x00, 0x00, 0x5d, 0x00, 0x00, 0x00,
  0xc4, 0x00, 0x05, 0x00, 0x06, 0x00, 0x00, 0x00, 0x9d, 0x05, 0x00, 0x00, 0x9c, 0x05, 0x00, 0x00,
  0x5f, 0x00, 0x00, 0x00, 0xc7, 0x00, 0x05, 0x00, 0x06, 0x00, 0x00, 0x00, 0x9f, 0x05, 0x00, 0x00,
  0x97, 0x05, 0x00, 0x00, 0x62, 0x00, 0x00, 0x00, 0xc4, 0x00, 0x05, 0x00, 0x06, 0x00, 0x00, 0x00,
  0xa0, 0x05, 0x00, 0x00, 0x9f, 0x05, 0x00, 0x00, 0x64, 0x00, 0x00, 0x00, 0xc5, 0x00, 0x05, 0x00,
  0x06, 0x00, 0x00, 0x00, 0xa1, 0x05, 0x00, 0x00, 0x9d, 0x05, 0x00, 0x00, 0xa0, 0x05, 0x00, 0x00,
  0xc7, 0x00, 0x05, 0x00, 0x06, 0x00, 0x00, 0x00, 0xa3, 0x05, 0x00, 0x00, 0x97, 0x05, 0x00, 0x00,
  0x68, 0x00, 0x00, 0x00, 0xc2, 0x00, 0x05, 0x00, 0x06, 0x00, 0x00, 0x00, 0xa4, 0x05, 0x00, 0x00,
  0xa3, 0x05, 0x00, 0x00, 0x64, 0x00, 0x00, 0x00, 0xc5, 0x00, 0x05, 0x00, 0x06, 0x00, 0x00, 0x00,
  0xa5, 0x05, 0x00, 0x00, 0xa1, 0x05, 0x00, 0x00, 0xa4, 0x05, 0x00, 0x00, 0xc7, 0x00, 0x05, 0x00,
  0x06, 0x00, 0x00, 0x00, 0xa7, 0x05, 0x00, 0x00, 0x97, 0x05, 0x00, 0x00, 0x6d, 0x00, 0x00, 0x00,
  0xc2, 0x00, 0x05, 0x00, 0x06, 0x00, 0x00, 0x00, 0xa8, 0x05, 0x00, 0x00, 0xa7, 0x05, 0x00, 0x00,
  0x5f, 0x00, 0x00, 0x00, 0xc5, 0x00, 0x05, 0x00, 0x06, 0x00, 0x00, 0x00, 0xa9, 0x05, 0x00, 0x00,
  0xa5, 0x05, 0x00, 0x00, 0xa8, 0x05, 0x00, 0x00, 0x7c, 0x00, 0x04, 0x00, 0x0f, 0x00, 0x00, 0x00,
  0x84, 0x05, 0x00, 0x00, 0xa9, 0x05, 0x00, 0x00, 0x80, 0x00, 0x05, 0x00, 0x06, 0x00, 0x00, 0x00,
  0xe2, 0x04, 0x00, 0x00, 0xda, 0x04, 0x00, 0x00, 0x64, 0x00, 0x00, 0x00, 0xc2, 0x00, 0x05, 0x00,
  0x06, 0x00, 0x00, 0x00, 0xb6, 0x05, 0x00, 0x00, 0xe2, 0x04, 0x00, 0x00, 0x7a, 0x00, 0x00, 0x00,
  0xc2, 0x00, 0x05, 0x00, 0x06, 0x00, 0x00, 0x00, 0xb8, 0x05, 0x00, 0x00, 0xb6, 0x05, 0x00, 0x00,
  0x94, 0x00, 0x00, 0x00, 0x41, 0x00, 0x06, 0x00, 0x96, 0x00, 0x00, 0x00, 0xb9, 0x05, 0x00, 0x00,
  0x92, 0x00, 0x00, 0x00, 0x78, 0x00, 0x00, 0x00, 0xb8, 0x05, 0x00, 0x00, 0x3d, 0x00, 0x04, 0x00,
  0x8c, 0x00, 0x00, 0x00, 0xba, 0x05, 0x00, 0x00, 0xb9, 0x05, 0x00, 0x00, 0xc7, 0x00, 0x05, 0x00,
  0x06, 0x00, 0x00, 0x00, 0xbc, 0x05, 0x00, 0x00, 0xb6, 0x05, 0x00, 0x00, 0x94, 0x00, 0x00, 0x00,
  0xab, 0x00, 0x05, 0x00, 0x9c, 0x00, 0x00, 0x00, 0xbd, 0x05, 0x00, 0x00, 0xbc, 0x05, 0x00, 0x00,
  0x9b, 0x00, 0x00, 0x00, 0x51, 0x00, 0x05, 0x00, 0x06, 0x00, 0x00, 0x00, 0xbf, 0x05, 0x00, 0x00,
  0xba, 0x05, 0x00, 0x00, 0x01, 0x00, 0x00, 0x00, 0x51, 0x00, 0x05, 0x00, 0x06, 0x00, 0x00, 0x00,
  0xc1, 0x05, 0x00, 0x00, 0xba, 0x05, 0x00, 0x00, 0x00, 0x00, 0x00, 0x00, 0xa9, 0x00, 0x06, 0x00,
  0x06, 0x00, 0x00, 0x00, 0xc2, 0x05, 0x00, 0x00, 0xbd, 0x05, 0x00, 0x00, 0xbf, 0x05, 0x00, 0x00,
  0xc1, 0x05, 0x00, 0x00, 0xc7, 0x00, 0x05, 0x00, 0x06, 0x00, 0x00, 0x00, 0xc7, 0x05, 0x00, 0x00,
  0xc2, 0x05, 0x00, 0x00, 0x5d, 0x00, 0x00, 0x00, 0xc4, 0x00, 0x05, 0x00, 0x06, 0x00, 0x00, 0x00,
  0xc8, 0x05, 0x00, 0x00, 0xc7, 0x05, 0x00, 0x00, 0x5f, 0x00, 0x00, 0x00, 0xc7, 0x00, 0x05, 0x00,
  0x06, 0x00, 0x00, 0x00, 0xca, 0x05, 0x00, 0x00, 0xc2, 0x05, 0x00, 0x00, 0x62, 0x00, 0x00, 0x00,
  0xc4, 0x00, 0x05, 0x00, 0x06, 0x00, 0x00, 0x00, 0xcb, 0x05, 0x00, 0x00, 0xca, 0x05, 0x00, 0x00,
  0x64, 0x00, 0x00, 0x00, 0xc5, 0x00, 0x05, 0x00, 0x06, 0x00, 0x00, 0x00, 0xcc, 0x05, 0x00, 0x00,
  0xc8, 0x05, 0x00, 0x00, 0xcb, 0x05, 0x00, 0x00, 0xc7, 0x00, 0x05, 0x00, 0x06, 0x00, 0x00, 0x00,
  0xce, 0x05, 0x00, 0x00, 0xc2, 0x05, 0x00, 0x00, 0x68, 0x00, 0x00, 0x00, 0xc2, 0x00, 0x05, 0x00,
  0x06, 0x00, 0x00, 0x00, 0xcf, 0x05, 0x00, 0x00, 0xce, 0x05, 0x00, 0x00, 0x64, 0x00, 0x00, 0x00,
  0xc5, 0x00, 0x05, 0x00, 0x06, 0x00, 0x00, 0x00, 0xd0, 0x05, 0x00, 0x00, 0xcc, 0x05, 0x00, 0x00,
  0xcf, 0x05, 0x00, 0x00, 0xc7, 0x00, 0x05, 0x00, 0x06, 0x00, 0x00, 0x00, 0xd2, 0x05, 0x00, 0x00,
  0xc2, 0x05, 0x00, 0x00, 0x6d, 0x00, 0x00, 0x00, 0xc2, 0x00, 0x05, 0x00, 0x06, 0x00, 0x00, 0x00,
  0xd3, 0x05, 0x00, 0x00, 0xd2, 0x05, 0x00, 0x00, 0x5f, 0x00, 0x00, 0x00, 0xc5, 0x00, 0x05, 0x00,
  0x06, 0x00, 0x00, 0x00, 0xd4, 0x05, 0x00, 0x00, 0xd0, 0x05, 0x00, 0x00, 0xd3, 0x05, 0x00, 0x00,
  0x7c, 0x00, 0x04, 0x00, 0x0f, 0x00, 0x00, 0x00, 0xaf, 0x05, 0x00, 0x00, 0xd4, 0x05, 0x00, 0x00,
  0x80, 0x00, 0x05, 0x00, 0x06, 0x00, 0x00, 0x00, 0xe5, 0x04, 0x00, 0x00, 0xda, 0x04, 0x00, 0x00,
  0xcf, 0x00, 0x00, 0x00, 0xc2, 0x00, 0x05, 0x00, 0x06, 0x00, 0x00, 0x00, 0xe1, 0x05, 0x00, 0x00,
  0xe5, 0x04, 0x00, 0x00, 0x7a, 0x00, 0x00, 0x00, 0xc2, 0x00, 0x05, 0x00, 0x06, 0x00, 0x00, 0x00,
  0xe3, 0x05, 0x00, 0x00, 0xe1, 0x05, 0x00, 0x00, 0x94, 0x00, 0x00, 0x00, 0x41, 0x00, 0x06, 0x00,
  0x96, 0x00, 0x00, 0x00, 0xe4, 0x05, 0x00, 0x00, 0x92, 0x00, 0x00, 0x00, 0x78, 0x00, 0x00, 0x00,
  0xe3, 0x05, 0x00, 0x00, 0x3d, 0x00, 0x04, 0x00, 0x8c, 0x00, 0x00, 0x00, 0xe5, 0x05, 0x00, 0x00,
  0xe4, 0x05, 0x00, 0x00, 0xc7, 0x00, 0x05, 0x00, 0x06, 0x00, 0x00, 0x00, 0xe7, 0x05, 0x00, 0x00,
  0xe1, 0x05, 0x00, 0x00, 0x94, 0x00, 0x00, 0x00, 0xab, 0x00, 0x05, 0x00, 0x9c, 0x00, 0x00, 0x00,
  0xe8, 0x05, 0x00, 0x00, 0xe7, 0x05, 0x00, 0x00, 0x9b, 0x00, 0x00, 0x00, 0x51, 0x00, 0x05, 0x00,
  0x06, 0x00, 0x00, 0x00, 0xea, 0x05, 0x00, 0x00, 0xe5, 0x05, 0x00, 0x00, 0x01, 0x00, 0x00, 0x00,
  0x51, 0x00, 0x05, 0x00, 0x06, 0x00, 0x00, 0x00, 0xec, 0x05, 0x00, 0x00, 0xe5, 0x05, 0x00, 0x00,
  0x00, 0x00, 0x00, 0x00, 0xa9, 0x00, 0x06, 0x00, 0x06, 0x00, 0x00, 0x00, 0xed, 0x05, 0x00, 0x00,
  0xe8, 0x05, 0x00, 0x00, 0xea, 0x05, 0x00, 0x00, 0xec, 0x05, 0x00, 0x00, 0xc7, 0x00, 0x05, 0x00,
  0x06, 0x00, 0x00, 0x00, 0xf2, 0x05, 0x00, 0x00, 0xed, 0x05, 0x00, 0x00, 0x5d, 0x00, 0x00, 0x00,
  0xc4, 0x00, 0x05, 0x00, 0x06, 0x00, 0x00, 0x00, 0xf3, 0x05, 0x00, 0x00, 0xf2, 0x05, 0x00, 0x00,
  0x5f, 0x00, 0x00, 0x00, 0xc7, 0x00, 0x05, 0x00, 0x06, 0x00, 0x00, 0x00, 0xf5, 0x05, 0x00, 0x00,
  0xed, 0x05, 0x00, 0x00, 0x62, 0x00, 0x00, 0x00, 0xc4, 0x00, 0x05, 0x00, 0x06, 0x00, 0x00, 0x00,
  0xf6, 0x05, 0x00, 0x00, 0xf5, 0x05, 0x00, 0x00, 0x64, 0x00, 0x00, 0x00, 0xc5, 0x00, 0x05, 0x00,
  0x06, 0x00, 0x00, 0x00, 0xf7, 0x05, 0x00, 0x00, 0xf3, 0x05, 0x00, 0x00, 0xf6, 0x05, 0x00, 0x00,
  0xc7, 0x00, 0x05, 0x00, 0x06, 0x00, 0x00, 0x00, 0xf9, 0x05, 0x00, 0x00, 0xed, 0x05, 0x00, 0x00,
  0x68, 0x00, 0x00, 0x00, 0xc2, 0x00, 0x05, 0x00, 0x06, 0x00, 0x00, 0x00, 0xfa, 0x05, 0x00, 0x00,
  0xf9, 0x05, 0x00, 0x00, 0x64, 0x00, 0x00, 0x00, 0xc5, 0x00, 0x05, 0x00, 0x06, 0x00, 0x00, 0x00,
  0xfb, 0x05, 0x00, 0x00, 0xf7, 0x05, 0x00, 0x00, 0xfa, 0x05, 0x00, 0x00, 0xc7, 0x00, 0x05, 0x00,
  0x06, 0x00, 0x00, 0x00, 0xfd, 0x05, 0x00, 0x00, 0xed, 0x05, 0x00, 0x00, 0x6d, 0x00, 0x00, 0x00,
  0xc2, 0x00, 0x05, 0x00, 0x06, 0x00, 0x00, 0x00, 0xfe, 0x05, 0x00, 0x00, 0xfd, 0x05, 0x00, 0x00,
  0x5f, 0x00, 0x00, 0x00, 0xc5, 0x00, 0x05, 0x00, 0x06, 0x00, 0x00, 0x00, 0xff, 0x05, 0x00, 0x00,
  0xfb, 0x05, 0x00, 0x00, 0xfe, 0x05, 0x00, 0x00, 0x7c, 0x00, 0x04, 0x00, 0x0f, 0x00, 0x00, 0x00,
  0xda, 0x05, 0x00, 0x00, 0xff, 0x05, 0x00, 0x00, 0x80, 0x00, 0x05, 0x00, 0x06, 0x00, 0x00, 0x00,
  0xe9, 0x04, 0x00, 0x00, 0xda, 0x04, 0x00, 0x00, 0xd6, 0x00, 0x00, 0x00, 0xc2, 0x00, 0x05, 0x00,
  0x06, 0x00, 0x00, 0x00, 0x0c, 0x06, 0x00, 0x00, 0xe9, 0x04, 0x00, 0x00, 0x7a, 0x00, 0x00, 0x00,
  0xc2, 0x00, 0x05, 0x00, 0x06, 0x00, 0x00, 0x00, 0x0e, 0x06, 0x00, 0x00, 0x0c, 0x06, 0x00, 0x00,
  0x94, 0x00, 0x00, 0x00, 0x41, 0x00, 0x06, 0x00, 0x96, 0x00, 0x00, 0x00, 0x0f, 0x06, 0x00, 0x00,
  0x92, 0x00, 0x00, 0x00, 0x78, 0x00, 0x00, 0x00, 0x0e, 0x06, 0x00, 0x00, 0x3d, 0x00, 0x04, 0x00,
  0x8c, 0x00, 0x00, 0x00, 0x10, 0x06, 0x00, 0x00, 0x0f, 0x06, 0x00, 0x00, 0xc7, 0x00, 0x05, 0x00,
  0x06, 0x00, 0x00, 0x00, 0x12, 0x06, 0x00, 0x00, 0x0c, 0x06, 0x00, 0x00, 0x94, 0x00, 0x00, 0x00,
  0xab, 0x00, 0x05, 0x00, 0x9c, 0x00, 0x00, 0x00, 0x13, 0x06, 0x00, 0x00, 0x12, 0x06, 0x00, 0x00,
  0x9b, 0x00, 0x00, 0x00, 0x51, 0x00, 0x05, 0x00, 0x06, 0x00, 0x00, 0x00, 0x15, 0x06, 0x00, 0x00,
  0x10, 0x06, 0x00, 0x00, 0x01, 0x00, 0x00, 0x00, 0x51, 0x00, 0x05, 0x00, 0x06, 0x00, 0x00, 0x00,
  0x17, 0x06, 0x00, 0x00, 0x10, 0x06, 0x00, 0x00, 0x00, 0x00, 0x00, 0x00, 0xa9, 0x00, 0x06, 0x00,
  0x06, 0x00, 0x00, 0x00, 0x18, 0x06, 0x00, 0x00, 0x13, 0x06, 0x00, 0x00, 0x15, 0x06, 0x00, 0x00,
  0x17, 0x06, 0x00, 0x00, 0xc7, 0x00, 0x05, 0x00, 0x06, 0x00, 0x00, 0x00, 0x1d, 0x06, 0x00, 0x00,
  0x18, 0x06, 0x00, 0x00, 0x5d, 0x00, 0x00, 0x00, 0xc4, 0x00, 0x05, 0x00, 0x06, 0x00, 0x00, 0x00,
  0x1e, 0x06, 0x00, 0x00, 0x1d, 0x06, 0x00, 0x00, 0x5f, 0x00, 0x00, 0x00, 0xc7, 0x00, 0x05, 0x00,
  0x06, 0x00, 0x00, 0x00, 0x20, 0x06, 0x00, 0x00, 0x18, 0x06, 0x00, 0x00, 0x62, 0x00, 0x00, 0x00,
  0xc4, 0x00, 0x05, 0x00, 0x06, 0x00, 0x00, 0x00, 0x21, 0x06, 0x00, 0x00, 0x20, 0x06, 0x00, 0x00,
  0x64, 0x00, 0x00, 0x00, 0xc5, 0x00, 0x05, 0x00, 0x06, 0x00, 0x00, 0x00, 0x22, 0x06, 0x00, 0x00,
  0x1e, 0x06, 0x00, 0x00, 0x21, 0x06, 0x00, 0x00, 0xc7, 0x00, 0x05, 0x00, 0x06, 0x00, 0x00, 0x00,
  0x24, 0x06, 0x00, 0x00, 0x18, 0x06, 0x00, 0x00, 0x68, 0x00, 0x00, 0x00, 0xc2, 0x00, 0x05, 0x00,
  0x06, 0x00, 0x00, 0x00, 0x25, 0x06, 0x00, 0x00, 0x24, 0x06, 0x00, 0x00, 0x64, 0x00, 0x00, 0x00,
  0xc5, 0x00, 0x05, 0x00, 0x06, 0x00, 0x00, 0x00, 0x26, 0x06, 0x00, 0x00, 0x22, 0x06, 0x00, 0x00,
  0x25, 0x06, 0x00, 0x00, 0xc7, 0x00, 0x05, 0x00, 0x06, 0x00, 0x00, 0x00, 0x28, 0x06, 0x00, 0x00,
  0x18, 0x06, 0x00, 0x00, 0x6d, 0x00, 0x00, 0x00, 0xc2, 0x00, 0x05, 0x00, 0x06, 0x00, 0x00, 0x00,
  0x29, 0x06, 0x00, 0x00, 0x28, 0x06, 0x00, 0x00, 0x5f, 0x00, 0x00, 0x00, 0xc5, 0x00, 0x05, 0x00,
  0x06, 0x00, 0x00, 0x00, 0x2a, 0x06, 0x00, 0x00, 0x26, 0x06, 0x00, 0x00, 0x29, 0x06, 0x00, 0x00,
  0x7c, 0x00, 0x04, 0x00, 0x0f, 0x00, 0x00, 0x00, 0x05, 0x06, 0x00, 0x00, 0x2a, 0x06, 0x00, 0x00,
  0x80, 0x00, 0x05, 0x00, 0x06, 0x00, 0x00, 0x00, 0xec, 0x04, 0x00, 0x00, 0xda, 0x04, 0x00, 0x00,
  0xdb, 0x00, 0x00, 0x00, 0xc2, 0x00, 0x05, 0x00, 0x06, 0x00, 0x00, 0x00, 0x37, 0x06, 0x00, 0x00,
  0xec, 0x04, 0x00, 0x00, 0x7a, 0x00, 0x00, 0x00, 0xc2, 0x00, 0x05, 0x00, 0x06, 0x00, 0x00, 0x00,
  0x39, 0x06, 0x00, 0x00, 0x37, 0x06, 0x00, 0x00, 0x94, 0x00, 0x00, 0x00, 0x41, 0x00, 0x06, 0x00,
  0x96, 0x00, 0x00, 0x00, 0x3a, 0x06, 0x00, 0x00, 0x92, 0x00, 0x00, 0x00, 0x78, 0x00, 0x00, 0x00,
  0x39, 0x06, 0x00, 0x00, 0x3d, 0x00, 0x04, 0x00, 0x8c, 0x00, 0x00, 0x00, 0x3b, 0x06, 0x00, 0x00,
  0x3a, 0x06, 0x00, 0x00, 0xc7, 0x00, 0x05, 0x00, 0x06, 0x00, 0x00, 0x00, 0x3d, 0x06, 0x00, 0x00,
  0x37, 0x06, 0x00, 0x00, 0x94, 0x00, 0x00, 0x00, 0xab, 0x00, 0x05, 0x00, 0x9c, 0x00, 0x00, 0x00,
  0x3e, 0x06, 0x00, 0x00, 0x3d, 0x06, 0x00, 0x00, 0x9b, 0x00, 0x00, 0x00, 0x51, 0x00, 0x05, 0x00,
  0x06, 0x00, 0x00, 0x00, 0x40, 0x06, 0x00, 0x00, 0x3b, 0x06, 0x00, 0x00, 0x01, 0x00, 0x00, 0x00,
  0x51, 0x00, 0x05, 0x00, 0x06, 0x00, 0x00, 0x00, 0x42, 0x06, 0x00, 0x00, 0x3b, 0x06, 0x00, 0x00,
  0x00, 0x00, 0x00, 0x00, 0xa9, 0x00, 0x06, 0x00, 0x06, 0x00, 0x00, 0x00, 0x43, 0x06, 0x00, 0x00,
  0x3e, 0x06, 0x00, 0x00, 0x40, 0x06, 0x00, 0x00, 0x42, 0x06, 0x00, 0x00, 0xc7, 0x00, 0x05, 0x00,
  0x06, 0x00, 0x00, 0x00, 0x48, 0x06, 0x00, 0x00, 0x43, 0x06, 0x00, 0x00, 0x5d, 0x00, 0x00, 0x00,
  0xc4, 0x00, 0x05, 0x00, 0x06, 0x00, 0x00, 0x00, 0x49, 0x06, 0x00, 0x00, 0x48, 0x06, 0x00, 0x00,
  0x5f, 0x00, 0x00, 0x00, 0xc7, 0x00, 0x05, 0x00, 0x06, 0x00, 0x00, 0x00, 0x4b, 0x06, 0x00, 0x00,
  0x43, 0x06, 0x00, 0x00, 0x62, 0x00, 0x00, 0x00, 0xc4, 0x00, 0x05, 0x00, 0x06, 0x00, 0x00, 0x00,
  0x4c, 0x06, 0x00, 0x00, 0x4b, 0x06, 0x00, 0x00, 0x64, 0x00, 0x00, 0x00, 0xc5, 0x00, 0x05, 0x00,
  0x06, 0x00, 0x00, 0x00, 0x4d, 0x06, 0x00, 0x00, 0x49, 0x06, 0x00, 0x00, 0x4c, 0x06, 0x00, 0x00,
  0xc7, 0x00, 0x05, 0x00, 0x06, 0x00, 0x00, 0x00, 0x4f, 0x06, 0x00, 0x00, 0x43, 0x06, 0x00, 0x00,
  0x68, 0x00, 0x00, 0x00, 0xc2, 0x00, 0x05, 0x00, 0x06, 0x00, 0x00, 0x00, 0x50, 0x06, 0x00, 0x00,
  0x4f, 0x06, 0x00, 0x00, 0x64, 0x00, 0x00, 0x00, 0xc5, 0x00, 0x05, 0x00, 0x06, 0x00, 0x00, 0x00,
  0x51, 0x06, 0x00, 0x00, 0x4d, 0x06, 0x00, 0x00, 0x50, 0x06, 0x00, 0x00, 0xc7, 0x00, 0x05, 0x00,
  0x06, 0x00, 0x00, 0x00, 0x53, 0x06, 0x00, 0x00, 0x43, 0x06, 0x00, 0x00, 0x6d, 0x00, 0x00, 0x00,
  0xc2, 0x00, 0x05, 0x00, 0x06, 0x00, 0x00, 0x00, 0x54, 0x06, 0x00, 0x00, 0x53, 0x06, 0x00, 0x00,
  0x5f, 0x00, 0x00, 0x00, 0xc5, 0x00, 0x05, 0x00, 0x06, 0x00, 0x00, 0x00, 0x55, 0x06, 0x00, 0x00,
  0x51, 0x06, 0x00, 0x00, 0x54, 0x06, 0x00, 0x00, 0x7c, 0x00, 0x04, 0x00, 0x0f, 0x00, 0x00, 0x00,
  0x30, 0x06, 0x00, 0x00, 0x55, 0x06, 0x00, 0x00, 0x80, 0x00, 0x05, 0x00, 0x06, 0x00, 0x00, 0x00,
  0xef, 0x04, 0x00, 0x00, 0xda, 0x04, 0x00, 0x00, 0x5f, 0x00, 0x00, 0x00, 0xc2, 0x00, 0x05, 0x00,
  0x06, 0x00, 0x00, 0x00, 0x62, 0x06, 0x00, 0x00, 0xef, 0x04, 0x00, 0x00, 0x7a, 0x00, 0x00, 0x00,
  0xc2, 0x00, 0x05, 0x00, 0x06, 0x00, 0x00, 0x00, 0x64, 0x06, 0x00, 0x00, 0x62, 0x06, 0x00, 0x00,
  0x94, 0x00, 0x00, 0x00, 0x41, 0x00, 0x06, 0x00, 0x96, 0x00, 0x00, 0x00, 0x65, 0x06, 0x00, 0x00,
  0x92, 0x00, 0x00, 0x00, 0x78, 0x00, 0x00, 0x00, 0x64, 0x06, 0x00, 0x00, 0x3d, 0x00, 0x04, 0x00,
  0x8c, 0x00, 0x00, 0x00, 0x66, 0x06, 0x00, 0x00, 0x65, 0x06, 0x00, 0x00, 0xc7, 0x00, 0x05, 0x00,
  0x06, 0x00, 0x00, 0x00, 0x68, 0x06, 0x00, 0x00, 0x62, 0x06, 0x00, 0x00, 0x94, 0x00, 0x00, 0x00,
  0xab, 0x00, 0x05, 0x00, 0x9c, 0x00, 0x00, 0x00, 0x69, 0x06, 0x00, 0x00, 0x68, 0x06, 0x00, 0x00,
  0x9b, 0x00, 0x00, 0x00, 0x51, 0x00, 0x05, 0x00, 0x06, 0x00, 0x00, 0x00, 0x6b, 0x06, 0x00, 0x00,
  0x66, 0x06, 0x00, 0x00, 0x01, 0x00, 0x00, 0x00, 0x51, 0x00, 0x05, 0x00, 0x06, 0x00, 0x00, 0x00,
  0x6d, 0x06, 0x00, 0x00, 0x66, 0x06, 0x00, 0x00, 0x00, 0x00, 0x00, 0x00, 0xa9, 0x00, 0x06, 0x00,
  0x06, 0x00, 0x00, 0x00, 0x6e, 0x06, 0x00, 0x00, 0x69, 0x06, 0x00, 0x00, 0x6b, 0x06, 0x00, 0x00,
  0x6d, 0x06, 0x00, 0x00, 0xc7, 0x00, 0x05, 0x00, 0x06, 0x00, 0x00, 0x00, 0x73, 0x06, 0x00, 0x00,
  0x6e, 0x06, 0x00, 0x00, 0x5d, 0x00, 0x00, 0x00, 0xc4, 0x00, 0x05, 0x00, 0x06, 0x00, 0x00, 0x00,
  0x74, 0x06, 0x00, 0x00, 0x73, 0x06, 0x00, 0x00, 0x5f, 0x00, 0x00, 0x00, 0xc7, 0x00, 0x05, 0x00,
  0x06, 0x00, 0x00, 0x00, 0x76, 0x06, 0x00, 0x00, 0x6e, 0x06, 0x00, 0x00, 0x62, 0x00, 0x00, 0x00,
  0xc4, 0x00, 0x05, 0x00, 0x06, 0x00, 0x00, 0x00, 0x77, 0x06, 0x00, 0x00, 0x76, 0x06, 0x00, 0x00,
  0x64, 0x00, 0x00, 0x00, 0xc5, 0x00, 0x05, 0x00, 0x06, 0x00, 0x00, 0x00, 0x78, 0x06, 0x00, 0x00,
  0x74, 0x06, 0x00, 0x00, 0x77, 0x06, 0x00, 0x00, 0xc7, 0x00, 0x05, 0x00, 0x06, 0x00, 0x00, 0x00,
  0x7a, 0x06, 0x00, 0x00, 0x6e, 0x06, 0x00, 0x00, 0x68, 0x00, 0x00, 0x00, 0xc2, 0x00, 0x05, 0x00,
  0x06, 0x00, 0x00, 0x00, 0x7b, 0x06, 0x00, 0x00, 0x7a, 0x06, 0x00, 0x00, 0x64, 0x00, 0x00, 0x00,
  0xc5, 0x00, 0x05, 0x00, 0x06, 0x00, 0x00, 0x00, 0x7c, 0x06, 0x00, 0x00, 0x78, 0x06, 0x00, 0x00,
  0x7b, 0x06, 0x00, 0x00, 0xc7, 0x00, 0x05, 0x00, 0x06, 0x00, 0x00, 0x00, 0x7e, 0x06, 0x00, 0x00,
  0x6e, 0x06, 0x00, 0x00, 0x6d, 0x00, 0x00, 0x00, 0xc2, 0x00, 0x05, 0x00, 0x06, 0x00, 0x00, 0x00,
  0x7f, 0x06, 0x00, 0x00, 0x7e, 0x06, 0x00, 0x00, 0x5f, 0x00, 0x00, 0x00, 0xc5, 0x00, 0x05, 0x00,
  0x06, 0x00, 0x00, 0x00, 0x80, 0x06, 0x00, 0x00, 0x7c, 0x06, 0x00, 0x00, 0x7f, 0x06, 0x00, 0x00,
  0x7c, 0x00, 0x04, 0x00, 0x0f, 0x00, 0x00, 0x00, 0x5b, 0x06, 0x00, 0x00, 0x80, 0x06, 0x00, 0x00,
  0x50, 0x00, 0x06, 0x00, 0x1a, 0x00, 0x00, 0x00, 0xf1, 0x04, 0x00, 0x00, 0x05, 0x06, 0x00, 0x00,
  0x30, 0x06, 0x00, 0x00, 0x5b, 0x06, 0x00, 0x00, 0x85, 0x00, 0x05, 0x00, 0x0f, 0x00, 0x00, 0x00,
  0xfc, 0x04, 0x00, 0x00, 0x59, 0x05, 0x00, 0x00, 0x84, 0x05, 0x00, 0x00, 0x85, 0x00, 0x05, 0x00,
  0x0f, 0x00, 0x00, 0x00, 0xff, 0x04, 0x00, 0x00, 0xaf, 0x05, 0x00, 0x00, 0xda, 0x05, 0x00, 0x00,
  0x83, 0x00, 0x05, 0x00, 0x0f, 0x00, 0x00, 0x00, 0x00, 0x05, 0x00, 0x00, 0xfc, 0x04, 0x00, 0x00,
  0xff, 0x04, 0x00, 0x00, 0x85, 0x00, 0x05, 0x00, 0x0f, 0x00, 0x00, 0x00, 0x01, 0x05, 0x00, 0x00,
  0xf3, 0x00, 0x00, 0x00, 0x00, 0x05, 0x00, 0x00, 0x85, 0x00, 0x05, 0x00, 0x0f, 0x00, 0x00, 0x00,
  0x04, 0x05, 0x00, 0x00, 0x59, 0x05, 0x00, 0x00, 0xaf, 0x05, 0x00, 0x00, 0x85, 0x00, 0x05, 0x00,
  0x0f, 0x00, 0x00, 0x00, 0x07, 0x05, 0x00, 0x00, 0x84, 0x05, 0x00, 0x00, 0xda, 0x05, 0x00, 0x00,
  0x83, 0x00, 0x05, 0x00, 0x0f, 0x00, 0x00, 0x00, 0x08, 0x05, 0x00, 0x00, 0x04, 0x05, 0x00, 0x00,
  0x07, 0x05, 0x00, 0x00, 0x85, 0x00, 0x05, 0x00, 0x0f, 0x00, 0x00, 0x00, 0x09, 0x05, 0x00, 0x00,
  0xf3, 0x00, 0x00, 0x00, 0x08, 0x05, 0x00, 0x00, 0x85, 0x00, 0x05, 0x00, 0x0f, 0x00, 0x00, 0x00,
  0x0c, 0x05, 0x00, 0x00, 0x84, 0x05, 0x00, 0x00, 0x84, 0x05, 0x00, 0x00, 0x85, 0x00, 0x05, 0x00,
  0x0f, 0x00, 0x00, 0x00, 0x0f, 0x05, 0x00, 0x00, 0xaf, 0x05, 0x00, 0x00, 0xaf, 0x05, 0x00, 0x00,
  0x81, 0x00, 0x05, 0x00, 0x0f, 0x00, 0x00, 0x00, 0x10, 0x05, 0x00, 0x00, 0x0c, 0x05, 0x00, 0x00,
  0x0f, 0x05, 0x00, 0x00, 0x85, 0x00, 0x05, 0x00, 0x0f, 0x00, 0x00, 0x00, 0x11, 0x05, 0x00, 0x00,
  0xf3, 0x00, 0x00, 0x00, 0x10, 0x05, 0x00, 0x00, 0x83, 0x00, 0x05, 0x00, 0x0f, 0x00, 0x00, 0x00,
  0x12, 0x05, 0x00, 0x00, 0x06, 0x01, 0x00, 0x00, 0x11, 0x05, 0x00, 0x00, 0x81, 0x00, 0x05, 0x00,
  0x0f, 0x00, 0x00, 0x00, 0x19, 0x05, 0x00, 0x00, 0xfc, 0x04, 0x00, 0x00, 0xff, 0x04, 0x00, 0x00,
  0x85, 0x00, 0x05, 0x00, 0x0f, 0x00, 0x00, 0x00, 0x1a, 0x05, 0x00, 0x00, 0xf3, 0x00, 0x00, 0x00,
  0x19, 0x05, 0x00, 0x00, 0x85, 0x00, 0x05, 0x00, 0x0f, 0x00, 0x00, 0x00, 0x1d, 0x05, 0x00, 0x00,
  0x84, 0x05, 0x00, 0x00, 0xaf, 0x05, 0x00, 0x00, 0x85, 0x00, 0x05, 0x00, 0x0f, 0x00, 0x00, 0x00,
  0x20, 0x05, 0x00, 0x00, 0x59, 0x05, 0x00, 0x00, 0xda, 0x05, 0x00, 0x00, 0x81, 0x00, 0x05, 0x00,
  0x0f, 0x00, 0x00, 0x00, 0x21, 0x05, 0x00, 0x00, 0x1d, 0x05, 0x00, 0x00, 0x20, 0x05, 0x00, 0x00,
  0x85, 0x00, 0x05, 0x00, 0x0f, 0x00, 0x00, 0x00, 0x22, 0x05, 0x00, 0x00, 0xf3, 0x00, 0x00, 0x00,
  0x21, 0x05, 0x00, 0x00, 0x85, 0x00, 0x05, 0x00, 0x0f, 0x00, 0x00, 0x00, 0x25, 0x05, 0x00, 0x00,
  0x59, 0x05, 0x00, 0x00, 0x59, 0x05, 0x00, 0x00, 0x81, 0x00, 0x05, 0x00, 0x0f, 0x00, 0x00, 0x00,
  0x29, 0x05, 0x00, 0x00, 0x25, 0x05, 0x00, 0x00, 0x0f, 0x05, 0x00, 0x00, 0x85, 0x00, 0x05, 0x00,
  0x0f, 0x00, 0x00, 0x00, 0x2a, 0x05, 0x00, 0x00, 0xf3, 0x00, 0x00, 0x00, 0x29, 0x05, 0x00, 0x00,
  0x83, 0x00, 0x05, 0x00, 0x0f, 0x00, 0x00, 0x00, 0x2b, 0x05, 0x00, 0x00, 0x06, 0x01, 0x00, 0x00,
  0x2a, 0x05, 0x00, 0x00, 0x85, 0x00, 0x05, 0x00, 0x0f, 0x00, 0x00, 0x00, 0xb6, 0x09, 0x00, 0x00,
  0x19, 0x05, 0x00, 0x00, 0x21, 0x05, 0x00, 0x00, 0x85, 0x00, 0x05, 0x00, 0x0f, 0x00, 0x00, 0x00,
  0x2e, 0x05, 0x00, 0x00, 0xb5, 0x09, 0x00, 0x00, 0xb6, 0x09, 0x00, 0x00, 0x85, 0x00, 0x05, 0x00,
  0x0f, 0x00, 0x00, 0x00, 0x31, 0x05, 0x00, 0x00, 0x09, 0x05, 0x00, 0x00, 0x2b, 0x05, 0x00, 0x00,
  0x83, 0x00, 0x05, 0x00, 0x0f, 0x00, 0x00, 0x00, 0x32, 0x05, 0x00, 0x00, 0x2e, 0x05, 0x00, 0x00,
  0x31, 0x05, 0x00, 0x00, 0x85, 0x00, 0x05, 0x00, 0x0f, 0x00, 0x00, 0x00, 0xb7, 0x09, 0x00, 0x00,
  0x08, 0x05, 0x00, 0x00, 0x00, 0x05, 0x00, 0x00, 0x85, 0x00, 0x05, 0x00, 0x0f, 0x00, 0x00, 0x00,
  0x35, 0x05, 0x00, 0x00, 0xb5, 0x09, 0x00, 0x00, 0xb7, 0x09, 0x00, 0x00, 0x85, 0x00, 0x05, 0x00,
  0x0f, 0x00, 0x00, 0x00, 0x38, 0x05, 0x00, 0x00, 0x12, 0x05, 0x00, 0x00, 0x22, 0x05, 0x00, 0x00,
  0x83, 0x00, 0x05, 0x00, 0x0f, 0x00, 0x00, 0x00, 0x39, 0x05, 0x00, 0x00, 0x35, 0x05, 0x00, 0x00,
  0x38, 0x05, 0x00, 0x00, 0x85, 0x00, 0x05, 0x00, 0x0f, 0x00, 0x00, 0x00, 0xba, 0x09, 0x00, 0x00,
  0x19, 0x05, 0x00, 0x00, 0x00, 0x05, 0x00, 0x00, 0x85, 0x00, 0x05, 0x00, 0x0f, 0x00, 0x00, 0x00,
  0x3d, 0x05, 0x00, 0x00, 0xb9, 0x09, 0x00, 0x00, 0xba, 0x09, 0x00, 0x00, 0x85, 0x00, 0x05, 0x00,
  0x0f, 0x00, 0x00, 0x00, 0x40, 0x05, 0x00, 0x00, 0x12, 0x05, 0x00, 0x00, 0x2b, 0x05, 0x00, 0x00,
  0x81, 0x00, 0x05, 0x00, 0x0f, 0x00, 0x00, 0x00, 0x41, 0x05, 0x00, 0x00, 0x3d, 0x05, 0x00, 0x00,
  0x40, 0x05, 0x00, 0x00, 0x50, 0x00, 0x06, 0x00, 0x1a, 0x00, 0x00, 0x00, 0x45, 0x05, 0x00, 0x00,
  0x12, 0x05, 0x00, 0x00, 0x1a, 0x05, 0x00, 0x00, 0x09, 0x05, 0x00, 0x00, 0x50, 0x00, 0x06, 0x00,
  0x1a, 0x00, 0x00, 0x00, 0x4a, 0x05, 0x00, 0x00, 0x01, 0x05, 0x00, 0x00, 0x2b, 0x05, 0x00, 0x00,
  0x22, 0x05, 0x00, 0x00, 0x50, 0x00, 0x06, 0x00, 0x1a, 0x00, 0x00, 0x00, 0x4f, 0x05, 0x00, 0x00,
  0x32, 0x05, 0x00, 0x00, 0x39, 0x05, 0x00, 0x00, 0x41, 0x05, 0x00, 0x00, 0x3d, 0x00, 0x04, 0x00,
  0x0f, 0x00, 0x00, 0x00, 0x93, 0x04, 0x00, 0x00, 0x7f, 0x04, 0x00, 0x00, 0x8e, 0x00, 0x05, 0x00,
  0x1a, 0x00, 0x00, 0x00, 0x94, 0x04, 0x00, 0x00, 0x45, 0x05, 0x00, 0x00, 0x93, 0x04, 0x00, 0x00,
  0x81, 0x00, 0x05, 0x00, 0x1a, 0x00, 0x00, 0x00, 0x97, 0x04, 0x00, 0x00, 0xbf, 0x09, 0x00, 0x00,
  0x94, 0x04, 0x00, 0x00, 0x3d, 0x00, 0x04, 0x00, 0x0f, 0x00, 0x00, 0x00, 0x9d, 0x04, 0x00, 0x00,
  0x7f, 0x04, 0x00, 0x00, 0x8e, 0x00, 0x05, 0x00, 0x1a, 0x00, 0x00, 0x00, 0x9e, 0x04, 0x00, 0x00,
  0x4a, 0x05, 0x00, 0x00, 0x9d, 0x04, 0x00, 0x00, 0x81, 0x00, 0x05, 0x00, 0x1a, 0x00, 0x00, 0x00,
  0xa1, 0x04, 0x00, 0x00, 0xbe, 0x09, 0x00, 0x00, 0x9e, 0x04, 0x00, 0x00, 0x3d, 0x00, 0x04, 0x00,
  0x0f, 0x00, 0x00, 0x00, 0xa7, 0x04, 0x00, 0x00, 0x7f, 0x04, 0x00, 0x00, 0x8e, 0x00, 0x05, 0x00,
  0x1a, 0x00, 0x00, 0x00, 0xa8, 0x04, 0x00, 0x00, 0x4f, 0x05, 0x00, 0x00, 0xa7, 0x04, 0x00, 0x00,
  0x81, 0x00, 0x05, 0x00, 0x1a, 0x00, 0x00, 0x00, 0xab, 0x04, 0x00, 0x00, 0xbd, 0x09, 0x00, 0x00,
  0xa8, 0x04, 0x00, 0x00, 0x3d, 0x00, 0x04, 0x00, 0x0f, 0x00, 0x00, 0x00, 0xb1, 0x04, 0x00, 0x00,
  0x7f, 0x04, 0x00, 0x00, 0x8e, 0x00, 0x05, 0x00, 0x1a, 0x00, 0x00, 0x00, 0xb2, 0x04, 0x00, 0x00,
  0xf1, 0x04, 0x00, 0x00, 0xb1, 0x04, 0x00, 0x00, 0x81, 0x00, 0x05, 0x00, 0x1a, 0x00, 0x00, 0x00,
  0xb5, 0x04, 0x00, 0x00, 0xbc, 0x09, 0x00, 0x00, 0xb2, 0x04, 0x00, 0x00, 0xf9, 0x00, 0x02, 0x00,
  0xb7, 0x04, 0x00, 0x00, 0xf8, 0x00, 0x02, 0x00, 0xb7, 0x04, 0x00, 0x00, 0xf5, 0x00, 0x07, 0x00,
  0x1a, 0x00, 0x00, 0x00, 0xc4, 0x09, 0x00, 0x00, 0xbf, 0x09, 0x00, 0x00, 0x89, 0x04, 0x00, 0x00,
  0x97, 0x04, 0x00, 0x00, 0x8a, 0x04, 0x00, 0x00, 0xf5, 0x00, 0x07, 0x00, 0x1a, 0x00, 0x00, 0x00,
  0xc3, 0x09, 0x00, 0x00, 0xbe, 0x09, 0x00, 0x00, 0x89, 0x04, 0x00, 0x00, 0xa1, 0x04, 0x00, 0x00,
  0x8a, 0x04, 0x00, 0x00, 0xf5, 0x00, 0x07, 0x00, 0x1a, 0x00, 0x00, 0x00, 0xc2, 0x09, 0x00, 0x00,
  0xbd, 0x09, 0x00, 0x00, 0x89, 0x04, 0x00, 0x00, 0xab, 0x04, 0x00, 0x00, 0x8a, 0x04, 0x00, 0x00,
  0xf5, 0x00, 0x07, 0x00, 0x1a, 0x00, 0x00, 0x00, 0xc1, 0x09, 0x00, 0x00, 0xbc, 0x09, 0x00, 0x00,
  0x89, 0x04, 0x00, 0x00, 0xb5, 0x04, 0x00, 0x00, 0x8a, 0x04, 0x00, 0x00, 0x80, 0x00, 0x05, 0x00,
  0x06, 0x00, 0x00, 0x00, 0xb9, 0x04, 0x00, 0x00, 0xbb, 0x09, 0x00, 0x00, 0x4b, 0x01, 0x00, 0x00,
  0xf9, 0x00, 0x02, 0x00, 0x79, 0x04, 0x00, 0x00, 0xf8, 0x00, 0x02, 0x00, 0xba, 0x04, 0x00, 0x00,
  0x8e, 0x00, 0x05, 0x00, 0x1a, 0x00, 0x00, 0x00, 0x87, 0x06, 0x00, 0x00, 0xbf, 0x09, 0x00, 0x00,
  0xe5, 0x03, 0x00, 0x00, 0x8e, 0x00, 0x05, 0x00, 0x1a, 0x00, 0x00, 0x00, 0x8c, 0x06, 0x00, 0x00,
  0xbe, 0x09, 0x00, 0x00, 0x04, 0x04, 0x00, 0x00, 0x81, 0x00, 0x05, 0x00, 0x1a, 0x00, 0x00, 0x00,
  0x8d, 0x06, 0x00, 0x00, 0x87, 0x06, 0x00, 0x00, 0x8c, 0x06, 0x00, 0x00, 0x8e, 0x00, 0x05, 0x00,
  0x1a, 0x00, 0x00, 0x00, 0x92, 0x06, 0x00, 0x00, 0xbd, 0x09, 0x00, 0x00, 0x23, 0x04, 0x00, 0x00,
  0x81, 0x00, 0x05, 0x00, 0x1a, 0x00, 0x00, 0x00, 0x93, 0x06, 0x00, 0x00, 0x8d, 0x06, 0x00, 0x00,
  0x92, 0x06, 0x00, 0x00, 0x81, 0x00, 0x05, 0x00, 0x1a, 0x00, 0x00, 0x00, 0xca, 0x03, 0x00, 0x00,
  0x93, 0x06, 0x00, 0x00, 0xbc, 0x09, 0x00, 0x00, 0x80, 0x00, 0x05, 0x00, 0x06, 0x00, 0x00, 0x00,
  0xcc, 0x03, 0x00, 0x00, 0x93, 0x03, 0x00, 0x00, 0xdb, 0x00, 0x00, 0x00, 0xc2, 0x00, 0x05, 0x00,
  0x06, 0x00, 0x00, 0x00, 0x98, 0x06, 0x00, 0x00, 0xcc, 0x03, 0x00, 0x00, 0x7a, 0x00, 0x00, 0x00,
  0x41, 0x00, 0x06, 0x00, 0x7d, 0x00, 0x00, 0x00, 0x99, 0x06, 0x00, 0x00, 0x76, 0x00, 0x00, 0x00,
  0x78, 0x00, 0x00, 0x00, 0x98, 0x06, 0x00, 0x00, 0x3d, 0x00, 0x04, 0x00, 0x06, 0x00, 0x00, 0x00,
  0x9a, 0x06, 0x00, 0x00, 0x99, 0x06, 0x00, 0x00, 0xc7, 0x00, 0x05, 0x00, 0x06, 0x00, 0x00, 0x00,
  0x9f, 0x06, 0x00, 0x00, 0x9a, 0x06, 0x00, 0x00, 0x5d, 0x00, 0x00, 0x00, 0xc4, 0x00, 0x05, 0x00,
  0x06, 0x00, 0x00, 0x00, 0xa0, 0x06, 0x00, 0x00, 0x9f, 0x06, 0x00, 0x00, 0x5f, 0x00, 0x00, 0x00,
  0xc7, 0x00, 0x05, 0x00, 0x06, 0x00, 0x00, 0x00, 0xa2, 0x06, 0x00, 0x00, 0x9a, 0x06, 0x00, 0x00,
  0x62, 0x00, 0x00, 0x00, 0xc4, 0x00, 0x05, 0x00, 0x06, 0x00, 0x00, 0x00, 0xa3, 0x06, 0x00, 0x00,
  0xa2, 0x06, 0x00, 0x00, 0x64, 0x00, 0x00, 0x00, 0xc5, 0x00, 0x05, 0x00, 0x06, 0x00, 0x00, 0x00,
  0xa4, 0x06, 0x00, 0x00, 0xa0, 0x06, 0x00, 0x00, 0xa3, 0x06, 0x00, 0x00, 0xc7, 0x00, 0x05, 0x00,
  0x06, 0x00, 0x00, 0x00, 0xa6, 0x06, 0x00, 0x00, 0x9a, 0x06, 0x00, 0x00, 0x68, 0x00, 0x00, 0x00,
  0xc2, 0x00, 0x05, 0x00, 0x06, 0x00, 0x00, 0x00, 0xa7, 0x06, 0x00, 0x00, 0xa6, 0x06, 0x00, 0x00,
  0x64, 0x00, 0x00, 0x00, 0xc5, 0x00, 0x05, 0x00, 0x06, 0x00, 0x00, 0x00, 0xa8, 0x06, 0x00, 0x00,
  0xa4, 0x06, 0x00, 0x00, 0xa7, 0x06, 0x00, 0x00, 0xc7, 0x00, 0x05, 0x00, 0x06, 0x00, 0x00, 0x00,
  0xaa, 0x06, 0x00, 0x00, 0x9a, 0x06, 0x00, 0x00, 0x6d, 0x00, 0x00, 0x00, 0xc2, 0x00, 0x05, 0x00,
  0x06, 0x00, 0x00, 0x00, 0xab, 0x06, 0x00, 0x00, 0xaa, 0x06, 0x00, 0x00, 0x5f, 0x00, 0x00, 0x00,
  0xc5, 0x00, 0x05, 0x00, 0x06, 0x00, 0x00, 0x00, 0xac, 0x06, 0x00, 0x00, 0xa8, 0x06, 0x00, 0x00,
  0xab, 0x06, 0x00, 0x00, 0xc7, 0x00, 0x05, 0x00, 0x06, 0x00, 0x00, 0x00, 0xc5, 0x06, 0x00, 0x00,
  0xac, 0x06, 0x00, 0x00, 0xdb, 0x01, 0x00, 0x00, 0xc4, 0x00, 0x05, 0x00, 0x06, 0x00, 0x00, 0x00,
  0xc7, 0x06, 0x00, 0x00, 0xc5, 0x06, 0x00, 0x00, 0xde, 0x01, 0x00, 0x00, 0x7c, 0x00, 0x04, 0x00,
  0x77, 0x00, 0x00, 0x00, 0xc8, 0x06, 0x00, 0x00, 0xc7, 0x06, 0x00, 0x00, 0xc3, 0x00, 0x05, 0x00,
  0x77, 0x00, 0x00, 0x00, 0xc9, 0x06, 0x00, 0x00, 0xc8, 0x06, 0x00, 0x00, 0xe1, 0x01, 0x00, 0x00,
  0x6f, 0x00, 0x04, 0x00, 0x0f, 0x00, 0x00, 0x00, 0xca, 0x06, 0x00, 0x00, 0xc9, 0x06, 0x00, 0x00,
  0xc2, 0x00, 0x05, 0x00, 0x06, 0x00, 0x00, 0x00, 0xd0, 0x06, 0x00, 0x00, 0xac, 0x06, 0x00, 0x00,
  0xf7, 0x01, 0x00, 0x00, 0xc7, 0x00, 0x05, 0x00, 0x06, 0x00, 0x00, 0x00, 0xd1, 0x06, 0x00, 0x00,
  0xd0, 0x06, 0x00, 0x00, 0xdb, 0x01, 0x00, 0x00, 0xc4, 0x00, 0x05, 0x00, 0x06, 0x00, 0x00, 0x00,
  0xd3, 0x06, 0x00, 0x00, 0xd1, 0x06, 0x00, 0x00, 0xde, 0x01, 0x00, 0x00, 0x7c, 0x00, 0x04, 0x00,
  0x77, 0x00, 0x00, 0x00, 0xd4, 0x06, 0x00, 0x00, 0xd3, 0x06, 0x00, 0x00, 0xc3, 0x00, 0x05, 0x00,
  0x77, 0x00, 0x00, 0x00, 0xd5, 0x06, 0x00, 0x00, 0xd4, 0x06, 0x00, 0x00, 0xe1, 0x01, 0x00, 0x00,
  0x6f, 0x00, 0x04, 0x00, 0x0f, 0x00, 0x00, 0x00, 0xd6, 0x06, 0x00, 0x00, 0xd5, 0x06, 0x00, 0x00,
  0xc2, 0x00, 0x05, 0x00, 0x06, 0x00, 0x00, 0x00, 0xdc, 0x06, 0x00, 0x00, 0xac, 0x06, 0x00, 0x00,
  0xdb, 0x00, 0x00, 0x00, 0xc7, 0x00, 0x05, 0x00, 0x06, 0x00, 0x00, 0x00, 0xdd, 0x06, 0x00, 0x00,
  0xdc, 0x06, 0x00, 0x00, 0xdb, 0x01, 0x00, 0x00, 0xc4, 0x00, 0x05, 0x00, 0x06, 0x00, 0x00, 0x00,
  0xdf, 0x06, 0x00, 0x00, 0xdd, 0x06, 0x00, 0x00, 0xde, 0x01, 0x00, 0x00, 0x7c, 0x00, 0x04, 0x00,
  0x77, 0x00, 0x00, 0x00, 0xe0, 0x06, 0x00, 0x00, 0xdf, 0x06, 0x00, 0x00, 0xc3, 0x00, 0x05, 0x00,
  0x77, 0x00, 0x00, 0x00, 0xe1, 0x06, 0x00, 0x00, 0xe0, 0x06, 0x00, 0x00, 0xe1, 0x01, 0x00, 0x00,
  0x6f, 0x00, 0x04, 0x00, 0x0f, 0x00, 0x00, 0x00, 0xe2, 0x06, 0x00, 0x00, 0xe1, 0x06, 0x00, 0x00,
  0x80, 0x00, 0x05, 0x00, 0x06, 0x00, 0x00, 0x00, 0xd0, 0x03, 0x00, 0x00, 0x93, 0x03, 0x00, 0x00,
  0x5f, 0x00, 0x00, 0x00, 0xc2, 0x00, 0x05, 0x00, 0x06, 0x00, 0x00, 0x00, 0xf8, 0x06, 0x00, 0x00,
  0xd0, 0x03, 0x00, 0x00, 0x7a, 0x00, 0x00, 0x00, 0x41, 0x00, 0x06, 0x00, 0x7d, 0x00, 0x00, 0x00,
  0xf9, 0x06, 0x00, 0x00, 0x76, 0x00, 0x00, 0x00, 0x78, 0x00, 0x00, 0x00, 0xf8, 0x06, 0x00, 0x00,
  0x3d, 0x00, 0x04, 0x00, 0x06, 0x00, 0x00, 0x00, 0xfa, 0x06, 0x00, 0x00, 0xf9, 0x06, 0x00, 0x00,
  0xc7, 0x00, 0x05, 0x00, 0x06, 0x00, 0x00, 0x00, 0xff, 0x06, 0x00, 0x00, 0xfa, 0x06, 0x00, 0x00,
  0x5d, 0x00, 0x00, 0x00, 0xc4, 0x00, 0x05, 0x00, 0x06, 0x00, 0x00, 0x00, 0x00, 0x07, 0x00, 0x00,
  0xff, 0x06, 0x00, 0x00, 0x5f, 0x00, 0x00, 0x00, 0xc7, 0x00, 0x05, 0x00, 0x06, 0x00, 0x00, 0x00,
  0x02, 0x07, 0x00, 0x00, 0xfa, 0x06, 0x00, 0x00, 0x62, 0x00, 0x00, 0x00, 0xc4, 0x00, 0x05, 0x00,
  0x06, 0x00, 0x00, 0x00, 0x03, 0x07, 0x00, 0x00, 0x02, 0x07, 0x00, 0x00, 0x64, 0x00, 0x00, 0x00,
  0xc5, 0x00, 0x05, 0x00, 0x06, 0x00, 0x00, 0x00, 0x04, 0x07, 0x00, 0x00, 0x00, 0x07, 0x00, 0x00,
  0x03, 0x07, 0x00, 0x00, 0xc7, 0x00, 0x05, 0x00, 0x06, 0x00, 0x00, 0x00, 0x06, 0x07, 0x00, 0x00,
  0xfa, 0x06, 0x00, 0x00, 0x68, 0x00, 0x00, 0x00, 0xc2, 0x00, 0x05, 0x00, 0x06, 0x00, 0x00, 0x00,
  0x07, 0x07, 0x00, 0x00, 0x06, 0x07, 0x00, 0x00, 0x64, 0x00, 0x00, 0x00, 0xc5, 0x00, 0x05, 0x00,
  0x06, 0x00, 0x00, 0x00, 0x08, 0x07, 0x00, 0x00, 0x04, 0x07, 0x00, 0x00, 0x07, 0x07, 0x00, 0x00,
  0xc7, 0x00, 0x05, 0x00, 0x06, 0x00, 0x00, 0x00, 0x0a, 0x07, 0x00, 0x00, 0xfa, 0x06, 0x00, 0x00,
  0x6d, 0x00, 0x00, 0x00, 0xc2, 0x00, 0x05, 0x00, 0x06, 0x00, 0x00, 0x00, 0x0b, 0x07, 0x00, 0x00,
  0x0a, 0x07, 0x00, 0x00, 0x5f, 0x00, 0x00, 0x00, 0xc5, 0x00, 0x05, 0x00, 0x06, 0x00, 0x00, 0x00,
  0x0c, 0x07, 0x00, 0x00, 0x08, 0x07, 0x00, 0x00, 0x0b, 0x07, 0x00, 0x00, 0x7c, 0x00, 0x04, 0x00,
  0x0f, 0x00, 0x00, 0x00, 0xf3, 0x06, 0x00, 0x00, 0x0c, 0x07, 0x00, 0x00, 0x80, 0x00, 0x05, 0x00,
  0x06, 0x00, 0x00, 0x00, 0xd3, 0x03, 0x00, 0x00, 0x93, 0x03, 0x00, 0x00, 0xbe, 0x00, 0x00, 0x00,
  0xc2, 0x00, 0x05, 0x00, 0x06, 0x00, 0x00, 0x00, 0x17, 0x07, 0x00, 0x00, 0xd3, 0x03, 0x00, 0x00,
  0x7a, 0x00, 0x00, 0x00, 0x41, 0x00, 0x06, 0x00, 0x7d, 0x00, 0x00, 0x00, 0x18, 0x07, 0x00, 0x00,
  0x76, 0x00, 0x00, 0x00, 0x78, 0x00, 0x00, 0x00, 0x17, 0x07, 0x00, 0x00, 0x3d, 0x00, 0x04, 0x00,
  0x06, 0x00, 0x00, 0x00, 0x19, 0x07, 0x00, 0x00, 0x18, 0x07, 0x00, 0x00, 0xc7, 0x00, 0x05, 0x00,
  0x06, 0x00, 0x00, 0x00, 0x1e, 0x07, 0x00, 0x00, 0x19, 0x07, 0x00, 0x00, 0x5d, 0x00, 0x00, 0x00,
  0xc4, 0x00, 0x05, 0x00, 0x06, 0x00, 0x00, 0x00, 0x1f, 0x07, 0x00, 0x00, 0x1e, 0x07, 0x00, 0x00,
  0x5f, 0x00, 0x00, 0x00, 0xc7, 0x00, 0x05, 0x00, 0x06, 0x00, 0x00, 0x00, 0x21, 0x07, 0x00, 0x00,
  0x19, 0x07, 0x00, 0x00, 0x62, 0x00, 0x00, 0x00, 0xc4, 0x00, 0x05, 0x00, 0x06, 0x00, 0x00, 0x00,
  0x22, 0x07, 0x00, 0x00, 0x21, 0x07, 0x00, 0x00, 0x64, 0x00, 0x00, 0x00, 0xc5, 0x00, 0x05, 0x00,
  0x06, 0x00, 0x00, 0x00, 0x23, 0x07, 0x00, 0x00, 0x1f, 0x07, 0x00, 0x00, 0x22, 0x07, 0x00, 0x00,
  0xc7, 0x00, 0x05, 0x00, 0x06, 0x00, 0x00, 0x00, 0x25, 0x07, 0x00, 0x00, 0x19, 0x07, 0x00, 0x00,
  0x68, 0x00, 0x00, 0x00, 0xc2, 0x00, 0x05, 0x00, 0x06, 0x00, 0x00, 0x00, 0x26, 0x07, 0x00, 0x00,
  0x25, 0x07, 0x00, 0x00, 0x64, 0x00, 0x00, 0x00, 0xc5, 0x00, 0x05, 0x00, 0x06, 0x00, 0x00, 0x00,
  0x27, 0x07, 0x00, 0x00, 0x23, 0x07, 0x00, 0x00, 0x26, 0x07, 0x00, 0x00, 0xc7, 0x00, 0x05, 0x00,
  0x06, 0x00, 0x00, 0x00, 0x29, 0x07, 0x00, 0x00, 0x19, 0x07, 0x00, 0x00, 0x6d, 0x00, 0x00, 0x00,
  0xc2, 0x00, 0x05, 0x00, 0x06, 0x00, 0x00, 0x00, 0x2a, 0x07, 0x00, 0x00, 0x29, 0x07, 0x00, 0x00,
  0x5f, 0x00, 0x00, 0x00, 0xc5, 0x00, 0x05, 0x00, 0x06, 0x00, 0x00, 0x00, 0x2b, 0x07, 0x00, 0x00,
  0x27, 0x07, 0x00, 0x00, 0x2a, 0x07, 0x00, 0x00, 0x7c, 0x00, 0x04, 0x00, 0x0f, 0x00, 0x00, 0x00,
  0x12, 0x07, 0x00, 0x00, 0x2b, 0x07, 0x00, 0x00, 0x80, 0x00, 0x05, 0x00, 0x06, 0x00, 0x00, 0x00,
  0xd7, 0x03, 0x00, 0x00, 0x93, 0x03, 0x00, 0x00, 0x25, 0x03, 0x00, 0x00, 0xc2, 0x00, 0x05, 0x00,
  0x06, 0x00, 0x00, 0x00, 0x30, 0x07, 0x00, 0x00, 0xd7, 0x03, 0x00, 0x00, 0x7a, 0x00, 0x00, 0x00,
  0x41, 0x00, 0x06, 0x00, 0x7d, 0x00, 0x00, 0x00, 0x31, 0x07, 0x00, 0x00, 0x76, 0x00, 0x00, 0x00,
  0x78, 0x00, 0x00, 0x00, 0x30, 0x07, 0x00, 0x00, 0x3d, 0x00, 0x04, 0x00, 0x06, 0x00, 0x00, 0x00,
  0x32, 0x07, 0x00, 0x00, 0x31, 0x07, 0x00, 0x00, 0xc7, 0x00, 0x05, 0x00, 0x06, 0x00, 0x00, 0x00,
  0x37, 0x07, 0x00, 0x00, 0x32, 0x07, 0x00, 0x00, 0x5d, 0x00, 0x00, 0x00, 0xc4, 0x00, 0x05, 0x00,
  0x06, 0x00, 0x00, 0x00, 0x38, 0x07, 0x00, 0x00, 0x37, 0x07, 0x00, 0x00, 0x5f, 0x00, 0x00, 0x00,
  0xc7, 0x00, 0x05, 0x00, 0x06, 0x00, 0x00, 0x00, 0x3a, 0x07, 0x00, 0x00, 0x32, 0x07, 0x00, 0x00,
  0x62, 0x00, 0x00, 0x00, 0xc4, 0x00, 0x05, 0x00, 0x06, 0x00, 0x00, 0x00, 0x3b, 0x07, 0x00, 0x00,
  0x3a, 0x07, 0x00, 0x00, 0x64, 0x00, 0x00, 0x00, 0xc5, 0x00, 0x05, 0x00, 0x06, 0x00, 0x00, 0x00,
  0x3c, 0x07, 0x00, 0x00, 0x38, 0x07, 0x00, 0x00, 0x3b, 0x07, 0x00, 0x00, 0xc7, 0x00, 0x05, 0x00,
  0x06, 0x00, 0x00, 0x00, 0x3e, 0x07, 0x00, 0x00, 0x32, 0x07, 0x00, 0x00, 0x68, 0x00, 0x00, 0x00,
  0xc2, 0x00, 0x05, 0x00, 0x06, 0x00, 0x00, 0x00, 0x3f, 0x07, 0x00, 0x00, 0x3e, 0x07, 0x00, 0x00,
  0x64, 0x00, 0x00, 0x00, 0xc5, 0x00, 0x05, 0x00, 0x06, 0x00, 0x00, 0x00, 0x40, 0x07, 0x00, 0x00,
  0x3c, 0x07, 0x00, 0x00, 0x3f, 0x07, 0x00, 0x00, 0xc7, 0x00, 0x05, 0x00, 0x06, 0x00, 0x00, 0x00,
  0x42, 0x07, 0x00, 0x00, 0x32, 0x07, 0x00, 0x00, 0x6d, 0x00, 0x00, 0x00, 0xc2, 0x00, 0x05, 0x00,
  0x06, 0x00, 0x00, 0x00, 0x43, 0x07, 0x00, 0x00, 0x42, 0x07, 0x00, 0x00, 0x5f, 0x00, 0x00, 0x00,
  0xc5, 0x00, 0x05, 0x00, 0x06, 0x00, 0x00, 0x00, 0x44, 0x07, 0x00, 0x00, 0x40, 0x07, 0x00, 0x00,
  0x43, 0x07, 0x00, 0x00, 0xc7, 0x00, 0x05, 0x00, 0x06, 0x00, 0x00, 0x00, 0x5d, 0x07, 0x00, 0x00,
  0x44, 0x07, 0x00, 0x00, 0xdb, 0x01, 0x00, 0x00, 0xc4, 0x00, 0x05, 0x00, 0x06, 0x00, 0x00, 0x00,
  0x5f, 0x07, 0x00, 0x00, 0x5d, 0x07, 0x00, 0x00, 0xde, 0x01, 0x00, 0x00, 0x7c, 0x00, 0x04, 0x00,
  0x77, 0x00, 0x00, 0x00, 0x60, 0x07, 0x00, 0x00, 0x5f, 0x07, 0x00, 0x00, 0xc3, 0x00, 0x05, 0x00,
  0x77, 0x00, 0x00, 0x00, 0x61, 0x07, 0x00, 0x00, 0x60, 0x07, 0x00, 0x00, 0xe1, 0x01, 0x00, 0x00,
  0x6f, 0x00, 0x04, 0x00, 0x0f, 0x00, 0x00, 0x00, 0x62, 0x07, 0x00, 0x00, 0x61, 0x07, 0x00, 0x00,
  0xc2, 0x00, 0x05, 0x00, 0x06, 0x00, 0x00, 0x00, 0x68, 0x07, 0x00, 0x00, 0x44, 0x07, 0x00, 0x00,
  0xf7, 0x01, 0x00, 0x00, 0xc7, 0x00, 0x05, 0x00, 0x06, 0x00, 0x00, 0x00, 0x69, 0x07, 0x00, 0x00,
  0x68, 0x07, 0x00, 0x00, 0xdb, 0x01, 0x00, 0x00, 0xc4, 0x00, 0x05, 0x00, 0x06, 0x00, 0x00, 0x00,
  0x6b, 0x07, 0x00, 0x00, 0x69, 0x07, 0x00, 0x00, 0xde, 0x01, 0x00, 0x00, 0x7c, 0x00, 0x04, 0x00,
  0x77, 0x00, 0x00, 0x00, 0x6c, 0x07, 0x00, 0x00, 0x6b, 0x07, 0x00, 0x00, 0xc3, 0x00, 0x05, 0x00,
  0x77, 0x00, 0x00, 0x00, 0x6d, 0x07, 0x00, 0x00, 0x6c, 0x07, 0x00, 0x00, 0xe1, 0x01, 0x00, 0x00,
  0x6f, 0x00, 0x04, 0x00, 0x0f, 0x00, 0x00, 0x00, 0x6e, 0x07, 0x00, 0x00, 0x6d, 0x07, 0x00, 0x00,
  0xc2, 0x00, 0x05, 0x00, 0x06, 0x00, 0x00, 0x00, 0x74, 0x07, 0x00, 0x00, 0x44, 0x07, 0x00, 0x00,
  0xdb, 0x00, 0x00, 0x00, 0xc7, 0x00, 0x05, 0x00, 0x06, 0x00, 0x00, 0x00, 0x75, 0x07, 0x00, 0x00,
  0x74, 0x07, 0x00, 0x00, 0xdb, 0x01, 0x00, 0x00, 0xc4, 0x00, 0x05, 0x00, 0x06, 0x00, 0x00, 0x00,
  0x77, 0x07, 0x00, 0x00, 0x75, 0x07, 0x00, 0x00, 0xde, 0x01, 0x00, 0x00, 0x7c, 0x00, 0x04, 0x00,
  0x77, 0x00, 0x00, 0x00, 0x78, 0x07, 0x00, 0x00, 0x77, 0x07, 0x00, 0x00, 0xc3, 0x00, 0x05, 0x00,
  0x77, 0x00, 0x00, 0x00, 0x79, 0x07, 0x00, 0x00, 0x78, 0x07, 0x00, 0x00, 0xe1, 0x01, 0x00, 0x00,
  0x6f, 0x00, 0x04, 0x00, 0x0f, 0x00, 0x00, 0x00, 0x7a, 0x07, 0x00, 0x00, 0x79, 0x07, 0x00, 0x00,
  0xc2, 0x00, 0x05, 0x00, 0x06, 0x00, 0x00, 0x00, 0x7f, 0x07, 0x00, 0x00, 0x44, 0x07, 0x00, 0x00,
  0xe8, 0x01, 0x00, 0x00, 0xc7, 0x00, 0x05, 0x00, 0x06, 0x00, 0x00, 0x00, 0x80, 0x07, 0x00, 0x00,
  0x7f, 0x07, 0x00, 0x00, 0xef, 0x00, 0x00, 0x00, 0xc4, 0x00, 0x05, 0x00, 0x06, 0x00, 0x00, 0x00,
  0x82, 0x07, 0x00, 0x00, 0x80, 0x07, 0x00, 0x00, 0xe8, 0x01, 0x00, 0x00, 0x7c, 0x00, 0x04, 0x00,
  0x77, 0x00, 0x00, 0x00, 0x83, 0x07, 0x00, 0x00, 0x82, 0x07, 0x00, 0x00, 0xc3, 0x00, 0x05, 0x00,
  0x77, 0x00, 0x00, 0x00, 0x84, 0x07, 0x00, 0x00, 0x83, 0x07, 0x00, 0x00, 0xee, 0x01, 0x00, 0x00,
  0x6f, 0x00, 0x04, 0x00, 0x0f, 0x00, 0x00, 0x00, 0x85, 0x07, 0x00, 0x00, 0x84, 0x07, 0x00, 0x00,
  0x8e, 0x00, 0x05, 0x00, 0x1a, 0x00, 0x00, 0x00, 0xf4, 0x07, 0x00, 0x00, 0xbf, 0x09, 0x00, 0x00,
  0xca, 0x06, 0x00, 0x00, 0x8e, 0x00, 0x05, 0x00, 0x1a, 0x00, 0x00, 0x00, 0xf9, 0x07, 0x00, 0x00,
  0xbe, 0x09, 0x00, 0x00, 0xd6, 0x06, 0x00, 0x00, 0x81, 0x00, 0x05, 0x00, 0x1a, 0x00, 0x00, 0x00,
  0xfa, 0x07, 0x00, 0x00, 0xf4, 0x07, 0x00, 0x00, 0xf9, 0x07, 0x00, 0x00, 0x8e, 0x00, 0x05, 0x00,
  0x1a, 0x00, 0x00, 0x00, 0xff, 0x07, 0x00, 0x00, 0xbd, 0x09, 0x00, 0x00, 0xe2, 0x06, 0x00, 0x00,
  0x81, 0x00, 0x05, 0x00, 0x1a, 0x00, 0x00, 0x00, 0x00, 0x08, 0x00, 0x00, 0xfa, 0x07, 0x00, 0x00,
  0xff, 0x07, 0x00, 0x00, 0x4f, 0x00, 0x08, 0x00, 0x1a, 0x00, 0x00, 0x00, 0xed, 0x07, 0x00, 0x00,
  0x00, 0x08, 0x00, 0x00, 0x00, 0x08, 0x00, 0x00, 0x01, 0x00, 0x00, 0x00, 0x02, 0x00, 0x00, 0x00,
  0x00, 0x00, 0x00, 0x00, 0x94, 0x00, 0x05, 0x00, 0x0f, 0x00, 0x00, 0x00, 0x06, 0x08, 0x00, 0x00,
  0xed, 0x07, 0x00, 0x00, 0xed, 0x07, 0x00, 0x00, 0xba, 0x00, 0x05, 0x00, 0x9c, 0x00, 0x00, 0x00,
  0x08, 0x08, 0x00, 0x00, 0x06, 0x08, 0x00, 0x00, 0x5e, 0x01, 0x00, 0x00, 0x0c, 0x00, 0x06, 0x00,
  0x0f, 0x00, 0x00, 0x00, 0x0b, 0x08, 0x00, 0x00, 0x01, 0x00, 0x00, 0x00, 0x20, 0x00, 0x00, 0x00,
  0x06, 0x08, 0x00, 0x00, 0x8e, 0x00, 0x05, 0x00, 0x1a, 0x00, 0x00, 0x00, 0x0c, 0x08, 0x00, 0x00,
  0xed, 0x07, 0x00, 0x00, 0x0b, 0x08, 0x00, 0x00, 0x50, 0x00, 0x06, 0x00, 0x10, 0x02, 0x00, 0x00,
  0x0d, 0x08, 0x00, 0x00, 0x08, 0x08, 0x00, 0x00, 0x08, 0x08, 0x00, 0x00, 0x08, 0x08, 0x00, 0x00,
  0xa9, 0x00, 0x06, 0x00, 0x1a, 0x00, 0x00, 0x00, 0x0e, 0x08, 0x00, 0x00, 0x0d, 0x08, 0x00, 0x00,
  0x0c, 0x08, 0x00, 0x00, 0x5f, 0x01, 0x00, 0x00, 0x8e, 0x00, 0x05, 0x00, 0x1a, 0x00, 0x00, 0x00,
  0x1d, 0x08, 0x00, 0x00, 0xbf, 0x09, 0x00, 0x00, 0x62, 0x07, 0x00, 0x00, 0x8e, 0x00, 0x05, 0x00,
  0x1a, 0x00, 0x00, 0x00, 0x22, 0x08, 0x00, 0x00, 0xbe, 0x09, 0x00, 0x00, 0x6e, 0x07, 0x00, 0x00,
  0x81, 0x00, 0x05, 0x00, 0x1a, 0x00, 0x00, 0x00, 0x23, 0x08, 0x00, 0x00, 0x1d, 0x08, 0x00, 0x00,
  0x22, 0x08, 0x00, 0x00, 0x8e, 0x00, 0x05, 0x00, 0x1a, 0x00, 0x00, 0x00, 0x28, 0x08, 0x00, 0x00,
  0xbd, 0x09, 0x00, 0x00, 0x7a, 0x07, 0x00, 0x00, 0x81, 0x00, 0x05, 0x00, 0x1a, 0x00, 0x00, 0x00,
  0x29, 0x08, 0x00, 0x00, 0x23, 0x08, 0x00, 0x00, 0x28, 0x08, 0x00, 0x00, 0x4f, 0x00, 0x08, 0x00,
  0x1a, 0x00, 0x00, 0x00, 0x16, 0x08, 0x00, 0x00, 0x29, 0x08, 0x00, 0x00, 0x29, 0x08, 0x00, 0x00,
  0x01, 0x00, 0x00, 0x00, 0x02, 0x00, 0x00, 0x00, 0x00, 0x00, 0x00, 0x00, 0x94, 0x00, 0x05, 0x00,
  0x0f, 0x00, 0x00, 0x00, 0x2f, 0x08, 0x00, 0x00, 0x16, 0x08, 0x00, 0x00, 0x16, 0x08, 0x00, 0x00,
  0xba, 0x00, 0x05, 0x00, 0x9c, 0x00, 0x00, 0x00, 0x31, 0x08, 0x00, 0x00, 0x2f, 0x08, 0x00, 0x00,
  0x5e, 0x01, 0x00, 0x00, 0x0c, 0x00, 0x06, 0x00, 0x0f, 0x00, 0x00, 0x00, 0x34, 0x08, 0x00, 0x00,
  0x01, 0x00, 0x00, 0x00, 0x20, 0x00, 0x00, 0x00, 0x2f, 0x08, 0x00, 0x00, 0x8e, 0x00, 0x05, 0x00,
  0x1a, 0x00, 0x00, 0x00, 0x35, 0x08, 0x00, 0x00, 0x16, 0x08, 0x00, 0x00, 0x34, 0x08, 0x00, 0x00,
  0x50, 0x00, 0x06, 0x00, 0x10, 0x02, 0x00, 0x00, 0x36, 0x08, 0x00, 0x00, 0x31, 0x08, 0x00, 0x00,
  0x31, 0x08, 0x00, 0x00, 0x31, 0x08, 0x00, 0x00, 0xa9, 0x00, 0x06, 0x00, 0x1a, 0x00, 0x00, 0x00,
  0x37, 0x08, 0x00, 0x00, 0x36, 0x08, 0x00, 0x00, 0x35, 0x08, 0x00, 0x00, 0x5f, 0x01, 0x00, 0x00,
  0x0c, 0x00, 0x07, 0x00, 0x1a, 0x00, 0x00, 0x00, 0xa6, 0x07, 0x00, 0x00, 0x01, 0x00, 0x00, 0x00,
  0x44, 0x00, 0x00, 0x00, 0x37, 0x08, 0x00, 0x00, 0x0e, 0x08, 0x00, 0x00, 0x8e, 0x00, 0x05, 0x00,
  0x1a, 0x00, 0x00, 0x00, 0xa9, 0x07, 0x00, 0x00, 0xa6, 0x07, 0x00, 0x00, 0x85, 0x07, 0x00, 0x00,
  0x41, 0x00, 0x06, 0x00, 0x6e, 0x02, 0x00, 0x00, 0xaa, 0x07, 0x00, 0x00, 0xb8, 0x00, 0x00, 0x00,
  0x4b, 0x01, 0x00, 0x00, 0x7a, 0x00, 0x00, 0x00, 0x3d, 0x00, 0x04, 0x00, 0x0f, 0x00, 0x00, 0x00,
  0xab, 0x07, 0x00, 0x00, 0xaa, 0x07, 0x00, 0x00, 0x51, 0x00, 0x05, 0x00, 0x0f, 0x00, 0x00, 0x00,
  0xad, 0x07, 0x00, 0x00, 0xca, 0x03, 0x00, 0x00, 0x00, 0x00, 0x00, 0x00, 0x85, 0x00, 0x05, 0x00,
  0x0f, 0x00, 0x00, 0x00, 0xae, 0x07, 0x00, 0x00, 0xab, 0x07, 0x00, 0x00, 0xad, 0x07, 0x00, 0x00,
  0xba, 0x00, 0x05, 0x00, 0x9c, 0x00, 0x00, 0x00, 0xb0, 0x07, 0x00, 0x00, 0xae, 0x07, 0x00, 0x00,
  0x5e, 0x01, 0x00, 0x00, 0x41, 0x00, 0x06, 0x00, 0x6e, 0x02, 0x00, 0x00, 0xb1, 0x07, 0x00, 0x00,
  0xb8, 0x00, 0x00, 0x00, 0x57, 0x01, 0x00, 0x00, 0x9b, 0x00, 0x00, 0x00, 0x3d, 0x00, 0x04, 0x00,
  0x0f, 0x00, 0x00, 0x00, 0xb2, 0x07, 0x00, 0x00, 0xb1, 0x07, 0x00, 0x00, 0x41, 0x00, 0x06, 0x00,
  0x6e, 0x02, 0x00, 0x00, 0xb3, 0x07, 0x00, 0x00, 0xb8, 0x00, 0x00, 0x00, 0x79, 0x02, 0x00, 0x00,
  0x9b, 0x00, 0x00, 0x00, 0x3d, 0x00, 0x04, 0x00, 0x0f, 0x00, 0x00, 0x00, 0xb4, 0x07, 0x00, 0x00,
  0xb3, 0x07, 0x00, 0x00, 0x81, 0x00, 0x05, 0x00, 0x0f, 0x00, 0x00, 0x00, 0xb5, 0x07, 0x00, 0x00,
  0xb2, 0x07, 0x00, 0x00, 0xb4, 0x07, 0x00, 0x00, 0x0c, 0x00, 0x07, 0x00, 0x0f, 0x00, 0x00, 0x00,
  0xba, 0x07, 0x00, 0x00, 0x01, 0x00, 0x00, 0x00, 0x28, 0x00, 0x00, 0x00, 0xb2, 0x07, 0x00, 0x00,
  0xb2, 0x07, 0x00, 0x00, 0xa9, 0x00, 0x06, 0x00, 0x0f, 0x00, 0x00, 0x00, 0xbb, 0x07, 0x00, 0x00,
  0xb0, 0x07, 0x00, 0x00, 0xb5, 0x07, 0x00, 0x00, 0xba, 0x07, 0x00, 0x00, 0x4f, 0x00, 0x08, 0x00,
  0x1a, 0x00, 0x00, 0x00, 0xbd, 0x07, 0x00, 0x00, 0xca, 0x03, 0x00, 0x00, 0xca, 0x03, 0x00, 0x00,
  0x01, 0x00, 0x00, 0x00, 0x02, 0x00, 0x00, 0x00, 0x00, 0x00, 0x00, 0x00, 0x41, 0x00, 0x06, 0x00,
  0xc2, 0x01, 0x00, 0x00, 0x3c, 0x08, 0x00, 0x00, 0xb8, 0x00, 0x00, 0x00, 0x78, 0x00, 0x00, 0x00,
  0x51, 0x01, 0x00, 0x00, 0x3d, 0x00, 0x04, 0x00, 0x20, 0x00, 0x00, 0x00, 0x3d, 0x08, 0x00, 0x00,
  0x3c, 0x08, 0x00, 0x00, 0x8e, 0x00, 0x05, 0x00, 0x20, 0x00, 0x00, 0x00, 0x3e, 0x08, 0x00, 0x00,
  0x3d, 0x08, 0x00, 0x00, 0xad, 0x07, 0x00, 0x00, 0x51, 0x00, 0x05, 0x00, 0x0f, 0x00, 0x00, 0x00,
  0x40, 0x08, 0x00, 0x00, 0xca, 0x03, 0x00, 0x00, 0x01, 0x00, 0x00, 0x00, 0x41, 0x00, 0x06, 0x00,
  0xc2, 0x01, 0x00, 0x00, 0x41, 0x08, 0x00, 0x00, 0xb8, 0x00, 0x00, 0x00, 0x78, 0x00, 0x00, 0x00,
  0x78, 0x00, 0x00, 0x00, 0x3d, 0x00, 0x04, 0x00, 0x20, 0x00, 0x00, 0x00, 0x42, 0x08, 0x00, 0x00,
  0x41, 0x08, 0x00, 0x00, 0x8e, 0x00, 0x05, 0x00, 0x20, 0x00, 0x00, 0x00, 0x43, 0x08, 0x00, 0x00,
  0x42, 0x08, 0x00, 0x00, 0x40, 0x08, 0x00, 0x00, 0x81, 0x00, 0x05, 0x00, 0x20, 0x00, 0x00, 0x00,
  0x44, 0x08, 0x00, 0x00, 0x3e, 0x08, 0x00, 0x00, 0x43, 0x08, 0x00, 0x00, 0x51, 0x00, 0x05, 0x00,
  0x0f, 0x00, 0x00, 0x00, 0x46, 0x08, 0x00, 0x00, 0xca, 0x03, 0x00, 0x00, 0x02, 0x00, 0x00, 0x00,
  0x41, 0x00, 0x06, 0x00, 0xc2, 0x01, 0x00, 0x00, 0x47, 0x08, 0x00, 0x00, 0xb8, 0x00, 0x00, 0x00,
  0x78, 0x00, 0x00, 0x00, 0x4b, 0x01, 0x00, 0x00, 0x3d, 0x00, 0x04, 0x00, 0x20, 0x00, 0x00, 0x00,
  0x48, 0x08, 0x00, 0x00, 0x47, 0x08, 0x00, 0x00, 0x8e, 0x00, 0x05, 0x00, 0x20, 0x00, 0x00, 0x00,
  0x49, 0x08, 0x00, 0x00, 0x48, 0x08, 0x00, 0x00, 0x46, 0x08, 0x00, 0x00, 0x81, 0x00, 0x05, 0x00,
  0x20, 0x00, 0x00, 0x00, 0x4a, 0x08, 0x00, 0x00, 0x44, 0x08, 0x00, 0x00, 0x49, 0x08, 0x00, 0x00,
  0x41, 0x00, 0x06, 0x00, 0xc2, 0x01, 0x00, 0x00, 0x4b, 0x08, 0x00, 0x00, 0xb8, 0x00, 0x00, 0x00,
  0x78, 0x00, 0x00, 0x00, 0x57, 0x01, 0x00, 0x00, 0x3d, 0x00, 0x04, 0x00, 0x20, 0x00, 0x00, 0x00,
  0x4c, 0x08, 0x00, 0x00, 0x4b, 0x08, 0x00, 0x00, 0x81, 0x00, 0x05, 0x00, 0x20, 0x00, 0x00, 0x00,
  0x4d, 0x08, 0x00, 0x00, 0x4a, 0x08, 0x00, 0x00, 0x4c, 0x08, 0x00, 0x00, 0x50, 0x00, 0x07, 0x00,
  0x20, 0x00, 0x00, 0x00, 0xc5, 0x07, 0x00, 0x00, 0xf3, 0x06, 0x00, 0x00, 0x12, 0x07, 0x00, 0x00,
  0xbb, 0x07, 0x00, 0x00, 0x5e, 0x01, 0x00, 0x00, 0x50, 0x00, 0x07, 0x00, 0x20, 0x00, 0x00, 0x00,
  0xcb, 0x07, 0x00, 0x00, 0x40, 0x08, 0x00, 0x00, 0x46, 0x08, 0x00, 0x00, 0xad, 0x07, 0x00, 0x00,
  0x5e, 0x01, 0x00, 0x00, 0x51, 0x00, 0x05, 0x00, 0x0f, 0x00, 0x00, 0x00, 0xce, 0x07, 0x00, 0x00,
  0x0e, 0x08, 0x00, 0x00, 0x00, 0x00, 0x00, 0x00, 0x51, 0x00, 0x05, 0x00, 0x0f, 0x00, 0x00, 0x00,
  0xcf, 0x07, 0x00, 0x00, 0x0e, 0x08, 0x00, 0x00, 0x01, 0x00, 0x00, 0x00, 0x51, 0x00, 0x05, 0x00,
  0x0f, 0x00, 0x00, 0x00, 0xd0, 0x07, 0x00, 0x00, 0x0e, 0x08, 0x00, 0x00, 0x02, 0x00, 0x00, 0x00,
  0x50, 0x00, 0x07, 0x00, 0x20, 0x00, 0x00, 0x00, 0xd1, 0x07, 0x00, 0x00, 0xce, 0x07, 0x00, 0x00,
  0xcf, 0x07, 0x00, 0x00, 0xd0, 0x07, 0x00, 0x00, 0x5e, 0x01, 0x00, 0x00, 0x51, 0x00, 0x05, 0x00,
  0x0f, 0x00, 0x00, 0x00, 0xd4, 0x07, 0x00, 0x00, 0x37, 0x08, 0x00, 0x00, 0x00, 0x00, 0x00, 0x00,
  0x51, 0x00, 0x05, 0x00, 0x0f, 0x00, 0x00, 0x00, 0xd5, 0x07, 0x00, 0x00, 0x37, 0x08, 0x00, 0x00,
  0x01, 0x00, 0x00, 0x00, 0x51, 0x00, 0x05, 0x00, 0x0f, 0x00, 0x00, 0x00, 0xd6, 0x07, 0x00, 0x00,
  0x37, 0x08, 0x00, 0x00, 0x02, 0x00, 0x00, 0x00, 0x50, 0x00, 0x07, 0x00, 0x20, 0x00, 0x00, 0x00,
  0xd7, 0x07, 0x00, 0x00, 0xd4, 0x07, 0x00, 0x00, 0xd5, 0x07, 0x00, 0x00, 0xd6, 0x07, 0x00, 0x00,
  0x5e, 0x01, 0x00, 0x00, 0x51, 0x00, 0x05, 0x00, 0x0f, 0x00, 0x00, 0x00, 0xda, 0x07, 0x00, 0x00,
  0xa9, 0x07, 0x00, 0x00, 0x00, 0x00, 0x00, 0x00, 0x51, 0x00, 0x05, 0x00, 0x0f, 0x00, 0x00, 0x00,
  0xdb, 0x07, 0x00, 0x00, 0xa9, 0x07, 0x00, 0x00, 0x01, 0x00, 0x00, 0x00, 0x51, 0x00, 0x05, 0x00,
  0x0f, 0x00, 0x00, 0x00, 0xdc, 0x07, 0x00, 0x00, 0xa9, 0x07, 0x00, 0x00, 0x02, 0x00, 0x00, 0x00,
  0x50, 0x00, 0x07, 0x00, 0x20, 0x00, 0x00, 0x00, 0xdd, 0x07, 0x00, 0x00, 0xda, 0x07, 0x00, 0x00,
  0xdb, 0x07, 0x00, 0x00, 0xdc, 0x07, 0x00, 0x00, 0x5e, 0x01, 0x00, 0x00, 0x41, 0x00, 0x06, 0x00,
  0xc2, 0x01, 0x00, 0x00, 0x59, 0x08, 0x00, 0x00, 0xb8, 0x00, 0x00, 0x00, 0x51, 0x01, 0x00, 0x00,
  0x9b, 0x00, 0x00, 0x00, 0x3d, 0x00, 0x04, 0x00, 0x20, 0x00, 0x00, 0x00, 0x5a, 0x08, 0x00, 0x00,
  0x59, 0x08, 0x00, 0x00, 0x41, 0x00, 0x06, 0x00, 0xc2, 0x01, 0x00, 0x00, 0x5d, 0x08, 0x00, 0x00,
  0xb8, 0x00, 0x00, 0x00, 0x51, 0x01, 0x00, 0x00, 0x94, 0x00, 0x00, 0x00, 0x3d, 0x00, 0x04, 0x00,
  0x20, 0x00, 0x00, 0x00, 0x5e, 0x08, 0x00, 0x00, 0x5d, 0x08, 0x00, 0x00, 0x41, 0x00, 0x06, 0x00,
  0xc2, 0x01, 0x00, 0x00, 0x61, 0x08, 0x00, 0x00, 0xb8, 0x00, 0x00, 0x00, 0x51, 0x01, 0x00, 0x00,
  0x7a, 0x00, 0x00, 0x00, 0x3d, 0x00, 0x04, 0x00, 0x20, 0x00, 0x00, 0x00, 0x62, 0x08, 0x00, 0x00,
  0x61, 0x08, 0x00, 0x00, 0x41, 0x00, 0x06, 0x00, 0xc2, 0x01, 0x00, 0x00, 0x65, 0x08, 0x00, 0x00,
  0xb8, 0x00, 0x00, 0x00, 0x51, 0x01, 0x00, 0x00, 0xef, 0x00, 0x00, 0x00, 0x3d, 0x00, 0x04, 0x00,
  0x20, 0x00, 0x00, 0x00, 0x66, 0x08, 0x00, 0x00, 0x65, 0x08, 0x00, 0x00, 0x4f, 0x00, 0x08, 0x00,
  0x1a, 0x00, 0x00, 0x00, 0x69, 0x08, 0x00, 0x00, 0x5a, 0x08, 0x00, 0x00, 0x5a, 0x08, 0x00, 0x00,
  0x00, 0x00, 0x00, 0x00, 0x01, 0x00, 0x00, 0x00, 0x02, 0x00, 0x00, 0x00, 0x94, 0x00, 0x05, 0x00,
  0x0f, 0x00, 0x00, 0x00, 0x6a, 0x08, 0x00, 0x00, 0xbd, 0x07, 0x00, 0x00, 0x69, 0x08, 0x00, 0x00,
  0x51, 0x00, 0x05, 0x00, 0x0f, 0x00, 0x00, 0x00, 0x6c, 0x08, 0x00, 0x00, 0x5a, 0x08, 0x00, 0x00,
  0x03, 0x00, 0x00, 0x00, 0x81, 0x00, 0x05, 0x00, 0x0f, 0x00, 0x00, 0x00, 0x6d, 0x08, 0x00, 0x00,
  0x6a, 0x08, 0x00, 0x00, 0x6c, 0x08, 0x00, 0x00, 0x4f, 0x00, 0x08, 0x00, 0x1a, 0x00, 0x00, 0x00,
  0x70, 0x08, 0x00, 0x00, 0x5e, 0x08, 0x00, 0x00, 0x5e, 0x08, 0x00, 0x00, 0x00, 0x00, 0x00, 0x00,
  0x01, 0x00, 0x00, 0x00, 0x02, 0x00, 0x00, 0x00, 0x94, 0x00, 0x05, 0x00, 0x0f, 0x00, 0x00, 0x00,
  0x71, 0x08, 0x00, 0x00, 0xbd, 0x07, 0x00, 0x00, 0x70, 0x08, 0x00, 0x00, 0x51, 0x00, 0x05, 0x00,
  0x0f, 0x00, 0x00, 0x00, 0x73, 0x08, 0x00, 0x00, 0x5e, 0x08, 0x00, 0x00, 0x03, 0x00, 0x00, 0x00,
  0x81, 0x00, 0x05, 0x00, 0x0f, 0x00, 0x00, 0x00, 0x74, 0x08, 0x00, 0x00, 0x71, 0x08, 0x00, 0x00,
  0x73, 0x08, 0x00, 0x00, 0x4f, 0x00, 0x08, 0x00, 0x1a, 0x00, 0x00, 0x00, 0x77, 0x08, 0x00, 0x00,
  0x62, 0x08, 0x00, 0x00, 0x62, 0x08, 0x00, 0x00, 0x00, 0x00, 0x00, 0x00, 0x01, 0x00, 0x00, 0x00,
  0x02, 0x00, 0x00, 0x00, 0x94, 0x00, 0x05, 0x00, 0x0f, 0x00, 0x00, 0x00, 0x78, 0x08, 0x00, 0x00,
  0xbd, 0x07, 0x00, 0x00, 0x77, 0x08, 0x00, 0x00, 0x51, 0x00, 0x05, 0x00, 0x0f, 0x00, 0x00, 0x00,
  0x7a, 0x08, 0x00, 0x00, 0x62, 0x08, 0x00, 0x00, 0x03, 0x00, 0x00, 0x00, 0x81, 0x00, 0x05, 0x00,
  0x0f, 0x00, 0x00, 0x00, 0x7b, 0x08, 0x00, 0x00, 0x78, 0x08, 0x00, 0x00, 0x7a, 0x08, 0x00, 0x00,
  0x4f, 0x00, 0x08, 0x00, 0x1a, 0x00, 0x00, 0x00, 0x7e, 0x08, 0x00, 0x00, 0x66, 0x08, 0x00, 0x00,
  0x66, 0x08, 0x00, 0x00, 0x00, 0x00, 0x00, 0x00, 0x01, 0x00, 0x00, 0x00, 0x02, 0x00, 0x00, 0x00,
  0x94, 0x00, 0x05, 0x00, 0x0f, 0x00, 0x00, 0x00, 0x7f, 0x08, 0x00, 0x00, 0xbd, 0x07, 0x00, 0x00,
  0x7e, 0x08, 0x00, 0x00, 0x51, 0x00, 0x05, 0x00, 0x0f, 0x00, 0x00, 0x00, 0x81, 0x08, 0x00, 0x00,
  0x66, 0x08, 0x00, 0x00, 0x03, 0x00, 0x00, 0x00, 0x81, 0x00, 0x05, 0x00, 0x0f, 0x00, 0x00, 0x00,
  0x82, 0x08, 0x00, 0x00, 0x7f, 0x08, 0x00, 0x00, 0x81, 0x08, 0x00, 0x00, 0x50, 0x00, 0x07, 0x00,
  0x20, 0x00, 0x00, 0x00, 0x83, 0x08, 0x00, 0x00, 0x6d, 0x08, 0x00, 0x00, 0x74, 0x08, 0x00, 0x00,
  0x7b, 0x08, 0x00, 0x00, 0x82, 0x08, 0x00, 0x00, 0x41, 0x00, 0x06, 0x00, 0xc2, 0x01, 0x00, 0x00,
  0x8f, 0x08, 0x00, 0x00, 0xb8, 0x00, 0x00, 0x00, 0x51, 0x01, 0x00, 0x00, 0xae, 0x00, 0x00, 0x00,
  0x3d, 0x00, 0x04, 0x00, 0x20, 0x00, 0x00, 0x00, 0x90, 0x08, 0x00, 0x00, 0x8f, 0x08, 0x00, 0x00,
  0x41, 0x00, 0x06, 0x00, 0xc2, 0x01, 0x00, 0x00, 0x93, 0x08, 0x00, 0x00, 0xb8, 0x00, 0x00, 0x00,
  0x51, 0x01, 0x00, 0x00, 0xb3, 0x09, 0x00, 0x00, 0x3d, 0x00, 0x04, 0x00, 0x20, 0x00, 0x00, 0x00,
  0x94, 0x08, 0x00, 0x00, 0x93, 0x08, 0x00, 0x00, 0x41, 0x00, 0x06, 0x00, 0xc2, 0x01, 0x00, 0x00,
  0x97, 0x08, 0x00, 0x00, 0xb8, 0x00, 0x00, 0x00, 0x51, 0x01, 0x00, 0x00, 0xb4, 0x09, 0x00, 0x00,
  0x3d, 0x00, 0x04, 0x00, 0x20, 0x00, 0x00, 0x00, 0x98, 0x08, 0x00, 0x00, 0x97, 0x08, 0x00, 0x00,
  0x41, 0x00, 0x06, 0x00, 0xc2, 0x01, 0x00, 0x00, 0x9b, 0x08, 0x00, 0x00, 0xb8, 0x00, 0x00, 0x00,
  0x51, 0x01, 0x00, 0x00, 0xb1, 0x00, 0x00, 0x00, 0x3d, 0x00, 0x04, 0x00, 0x20, 0x00, 0x00, 0x00,
  0x9c, 0x08, 0x00, 0x00, 0x9b, 0x08, 0x00, 0x00, 0x4f, 0x00, 0x08, 0x00, 0x1a, 0x00, 0x00, 0x00,
  0x9f, 0x08, 0x00, 0x00, 0x90, 0x08, 0x00, 0x00, 0x90, 0x08, 0x00, 0x00, 0x00, 0x00, 0x00, 0x00,
  0x01, 0x00, 0x00, 0x00, 0x02, 0x00, 0x00, 0x00, 0x94, 0x00, 0x05, 0x00, 0x0f, 0x00, 0x00, 0x00,
  0xa0, 0x08, 0x00, 0x00, 0xbd, 0x07, 0x00, 0x00, 0x9f, 0x08, 0x00, 0x00, 0x51, 0x00, 0x05, 0x00,
  0x0f, 0x00, 0x00, 0x00, 0xa2, 0x08, 0x00, 0x00, 0x90, 0x08, 0x00, 0x00, 0x03, 0x00, 0x00, 0x00,
  0x81, 0x00, 0x05, 0x00, 0x0f, 0x00, 0x00, 0x00, 0xa3, 0x08, 0x00, 0x00, 0xa0, 0x08, 0x00, 0x00,
  0xa2, 0x08, 0x00, 0x00, 0x4f, 0x00, 0x08, 0x00, 0x1a, 0x00, 0x00, 0x00, 0xa6, 0x08, 0x00, 0x00,
  0x94, 0x08, 0x00, 0x00, 0x94, 0x08, 0x00, 0x00, 0x00, 0x00, 0x00, 0x00, 0x01, 0x00, 0x00, 0x00,
  0x02, 0x00, 0x00, 0x00, 0x94, 0x00, 0x05, 0x00, 0x0f, 0x00, 0x00, 0x00, 0xa7, 0x08, 0x00, 0x00,
  0xbd, 0x07, 0x00, 0x00, 0xa6, 0x08, 0x00, 0x00, 0x51, 0x00, 0x05, 0x00, 0x0f, 0x00, 0x00, 0x00,
  0xa9, 0x08, 0x00, 0x00, 0x94, 0x08, 0x00, 0x00, 0x03, 0x00, 0x00, 0x00, 0x81, 0x00, 0x05, 0x00,
  0x0f, 0x00, 0x00, 0x00, 0xaa, 0x08, 0x00, 0x00, 0xa7, 0x08, 0x00, 0x00, 0xa9, 0x08, 0x00, 0x00,
  0x4f, 0x00, 0x08, 0x00, 0x1a, 0x00, 0x00, 0x00, 0xad, 0x08, 0x00, 0x00, 0x98, 0x08, 0x00, 0x00,
  0x98, 0x08, 0x00, 0x00, 0x00, 0x00, 0x00, 0x00, 0x01, 0x00, 0x00, 0x00, 0x02, 0x00, 0x00, 0x00,
  0x94, 0x00, 0x05, 0x00, 0x0f, 0x00, 0x00, 0x00, 0xae, 0x08, 0x00, 0x00, 0xbd, 0x07, 0x00, 0x00,
  0xad, 0x08, 0x00, 0x00, 0x51, 0x00, 0x05, 0x00, 0x0f, 0x00, 0x00, 0x00, 0xb0, 0x08, 0x00, 0x00,
  0x98, 0x08, 0x00, 0x00, 0x03, 0x00, 0x00, 0x00, 0x81, 0x00, 0x05, 0x00, 0x0f, 0x00, 0x00, 0x00,
  0xb1, 0x08, 0x00, 0x00, 0xae, 0x08, 0x00, 0x00, 0xb0, 0x08, 0x00, 0x00, 0x4f, 0x00, 0x08, 0x00,
  0x1a, 0x00, 0x00, 0x00, 0xb4, 0x08, 0x00, 0x00, 0x9c, 0x08, 0x00, 0x00, 0x9c, 0x08, 0x00, 0x00,
  0x00, 0x00, 0x00, 0x00, 0x01, 0x00, 0x00, 0x00, 0x02, 0x00, 0x00, 0x00, 0x94, 0x00, 0x05, 0x00,
  0x0f, 0x00, 0x00, 0x00, 0xb5, 0x08, 0x00, 0x00, 0xbd, 0x07, 0x00, 0x00, 0xb4, 0x08, 0x00, 0x00,
  0x51, 0x00, 0x05, 0x00, 0x0f, 0x00, 0x00, 0x00, 0xb7, 0x08, 0x00, 0x00, 0x9c, 0x08, 0x00, 0x00,
  0x03, 0x00, 0x00, 0x00, 0x81, 0x00, 0x05, 0x00, 0x0f, 0x00, 0x00, 0x00, 0xb8, 0x08, 0x00, 0x00,
  0xb5, 0x08, 0x00, 0x00, 0xb7, 0x08, 0x00, 0x00, 0x50, 0x00, 0x07, 0x00, 0x20, 0x00, 0x00, 0x00,
  0xb9, 0x08, 0x00, 0x00, 0xa3, 0x08, 0x00, 0x00, 0xaa, 0x08, 0x00, 0x00, 0xb1, 0x08, 0x00, 0x00,
  0xb8, 0x08, 0x00, 0x00, 0x3e, 0x00, 0x03, 0x00, 0x41, 0x03, 0x00, 0x00, 0x4d, 0x08, 0x00, 0x00,
  0x3e, 0x00, 0x03, 0x00, 0x44, 0x03, 0x00, 0x00, 0xc5, 0x07, 0x00, 0x00, 0x3e, 0x00, 0x03, 0x00,
  0x47, 0x03, 0x00, 0x00, 0xcb, 0x07, 0x00, 0x00, 0x3e, 0x00, 0x03, 0x00, 0x4a, 0x03, 0x00, 0x00,
  0xd1, 0x07, 0x00, 0x00, 0x3e, 0x00, 0x03, 0x00, 0x4d, 0x03, 0x00, 0x00, 0xd7, 0x07, 0x00, 0x00,
  0x3e, 0x00, 0x03, 0x00, 0x50, 0x03, 0x00, 0x00, 0xdd, 0x07, 0x00, 0x00, 0x3e, 0x00, 0x03, 0x00,
  0x53, 0x03, 0x00, 0x00, 0x83, 0x08, 0x00, 0x00, 0x3e, 0x00, 0x03, 0x00, 0x56, 0x03, 0x00, 0x00,
  0xb9, 0x08, 0x00, 0x00, 0xfd, 0x00, 0x01, 0x00, 0x38, 0x00, 0x01, 0x00,
};
inline constexpr size_t kVertexSpirvBytes = sizeof(kVertexSpirv);

inline constexpr uint8_t kPixelSpirv[] = {
  0x03, 0x02, 0x23, 0x07, 0x00, 0x03, 0x01, 0x00, 0x0b, 0x00, 0x08, 0x00, 0x91, 0x07, 0x00, 0x00,
  0x00, 0x00, 0x00, 0x00, 0x11, 0x00, 0x02, 0x00, 0x01, 0x00, 0x00, 0x00, 0x0b, 0x00, 0x06, 0x00,
  0x01, 0x00, 0x00, 0x00, 0x47, 0x4c, 0x53, 0x4c, 0x2e, 0x73, 0x74, 0x64, 0x2e, 0x34, 0x35, 0x30,
  0x00, 0x00, 0x00, 0x00, 0x0e, 0x00, 0x03, 0x00, 0x00, 0x00, 0x00, 0x00, 0x01, 0x00, 0x00, 0x00,
  0x0f, 0x00, 0x0b, 0x00, 0x04, 0x00, 0x00, 0x00, 0x04, 0x00, 0x00, 0x00, 0x70, 0x73, 0x5f, 0x6d,
  0x61, 0x69, 0x6e, 0x00, 0x79, 0x02, 0x00, 0x00, 0x7c, 0x02, 0x00, 0x00, 0x7f, 0x02, 0x00, 0x00,
  0x82, 0x02, 0x00, 0x00, 0x85, 0x02, 0x00, 0x00, 0x8f, 0x02, 0x00, 0x00, 0x10, 0x00, 0x03, 0x00,
  0x04, 0x00, 0x00, 0x00, 0x07, 0x00, 0x00, 0x00, 0x03, 0x00, 0x03, 0x00, 0x05, 0x00, 0x00, 0x00,
  0xf4, 0x01, 0x00, 0x00, 0x05, 0x00, 0x04, 0x00, 0x04, 0x00, 0x00, 0x00, 0x70, 0x73, 0x5f, 0x6d,
  0x61, 0x69, 0x6e, 0x00, 0x05, 0x00, 0x08, 0x00, 0x28, 0x00, 0x00, 0x00, 0x70, 0x6c, 0x61, 0x79,
  0x65, 0x72, 0x5f, 0x36, 0x61, 0x65, 0x5f, 0x74, 0x65, 0x78, 0x74, 0x75, 0x72, 0x65, 0x5f, 0x74,
  0x66, 0x31, 0x00, 0x00, 0x05, 0x00, 0x08, 0x00, 0x2c, 0x00, 0x00, 0x00, 0x70, 0x6c, 0x61, 0x79,
  0x65, 0x72, 0x5f, 0x36, 0x61, 0x65, 0x5f, 0x77, 0x72, 0x61, 0x70, 0x5f, 0x73, 0x61, 0x6d, 0x70,
  0x6c, 0x65, 0x72, 0x00, 0x05, 0x00, 0x08, 0x00, 0x3d, 0x00, 0x00, 0x00, 0x70, 0x6c, 0x61, 0x79,
  0x65, 0x72, 0x5f, 0x36, 0x61, 0x65, 0x5f, 0x74, 0x65, 0x78, 0x74, 0x75, 0x72, 0x65, 0x5f, 0x74,
  0x66, 0x35, 0x00, 0x00, 0x05, 0x00, 0x08, 0x00, 0x56, 0x00, 0x00, 0x00, 0x50, 0x6c, 0x61, 0x79,
  0x65, 0x72, 0x36, 0x41, 0x45, 0x50, 0x72, 0x6f, 0x62, 0x65, 0x43, 0x6f, 0x6e, 0x73, 0x74, 0x61,
  0x6e, 0x74, 0x73, 0x00, 0x06, 0x00, 0x0a, 0x00, 0x56, 0x00, 0x00, 0x00, 0x00, 0x00, 0x00, 0x00,
  0x70, 0x6c, 0x61, 0x79, 0x65, 0x72, 0x5f, 0x36, 0x61, 0x65, 0x5f, 0x77, 0x6f, 0x72, 0x6c, 0x64,
  0x5f, 0x74, 0x6f, 0x5f, 0x63, 0x6c, 0x69, 0x70, 0x00, 0x00, 0x00, 0x00, 0x06, 0x00, 0x0b, 0x00,
  0x56, 0x00, 0x00, 0x00, 0x01, 0x00, 0x00, 0x00, 0x70, 0x6c, 0x61, 0x79, 0x65, 0x72, 0x5f, 0x36,
  0x61, 0x65, 0x5f, 0x76, 0x65, 0x72, 0x74, 0x65, 0x78, 0x5f, 0x63, 0x6f, 0x6e, 0x73, 0x74, 0x61,
  0x6e, 0x74, 0x5f, 0x31, 0x39, 0x00, 0x00, 0x00, 0x06, 0x00, 0x0c, 0x00, 0x56, 0x00, 0x00, 0x00,
  0x02, 0x00, 0x00, 0x00, 0x70, 0x6c, 0x61, 0x79, 0x65, 0x72, 0x5f, 0x36, 0x61, 0x65, 0x5f, 0x76,
  0x65, 0x72, 0x74, 0x65, 0x78, 0x5f, 0x63, 0x6f, 0x6e, 0x73, 0x74, 0x61, 0x6e, 0x74, 0x73, 0x5f,
  0x32, 0x39, 0x5f, 0x33, 0x36, 0x00, 0x00, 0x00, 0x06, 0x00, 0x0b, 0x00, 0x56, 0x00, 0x00, 0x00,
  0x03, 0x00, 0x00, 0x00, 0x70, 0x6c, 0x61, 0x79, 0x65, 0x72, 0x5f, 0x36, 0x61, 0x65, 0x5f, 0x76,
  0x65, 0x72, 0x74, 0x65, 0x78, 0x5f, 0x63, 0x6f, 0x6e, 0x73, 0x74, 0x61, 0x6e, 0x74, 0x5f, 0x34,
  0x36, 0x00, 0x00, 0x00, 0x06, 0x00, 0x0b, 0x00, 0x56, 0x00, 0x00, 0x00, 0x04, 0x00, 0x00, 0x00,
  0x70, 0x6c, 0x61, 0x79, 0x65, 0x72, 0x5f, 0x36, 0x61, 0x65, 0x5f, 0x76, 0x65, 0x72, 0x74, 0x65,
  0x78, 0x5f, 0x63, 0x6f, 0x6e, 0x73, 0x74, 0x61, 0x6e, 0x74, 0x5f, 0x34, 0x37, 0x00, 0x00, 0x00,
  0x06, 0x00, 0x0b, 0x00, 0x56, 0x00, 0x00, 0x00, 0x05, 0x00, 0x00, 0x00, 0x70, 0x6c, 0x61, 0x79,
  0x65, 0x72, 0x5f, 0x36, 0x61, 0x65, 0x5f, 0x76, 0x65, 0x72, 0x74, 0x65, 0x78, 0x5f, 0x63, 0x6f,
  0x6e, 0x73, 0x74, 0x61, 0x6e, 0x74, 0x5f, 0x32, 0x35, 0x35, 0x00, 0x00, 0x06, 0x00, 0x0b, 0x00,
  0x56, 0x00, 0x00, 0x00, 0x06, 0x00, 0x00, 0x00, 0x70, 0x6c, 0x61, 0x79, 0x65, 0x72, 0x5f, 0x36,
  0x61, 0x65, 0x5f, 0x70, 0x69, 0x78, 0x65, 0x6c, 0x5f, 0x63, 0x6f, 0x6e, 0x73, 0x74, 0x61, 0x6e,
  0x74, 0x5f, 0x31, 0x39, 0x00, 0x00, 0x00, 0x00, 0x06, 0x00, 0x0c, 0x00, 0x56, 0x00, 0x00, 0x00,
  0x07, 0x00, 0x00, 0x00, 0x70, 0x6c, 0x61, 0x79, 0x65, 0x72, 0x5f, 0x36, 0x61, 0x65, 0x5f, 0x70,
  0x69, 0x78, 0x65, 0x6c, 0x5f, 0x63, 0x6f, 0x6e, 0x73, 0x74, 0x61, 0x6e, 0x74, 0x73, 0x5f, 0x32,
  0x31, 0x5f, 0x32, 0x37, 0x00, 0x00, 0x00, 0x00, 0x06, 0x00, 0x0c, 0x00, 0x56, 0x00, 0x00, 0x00,
  0x08, 0x00, 0x00, 0x00, 0x70, 0x6c, 0x61, 0x79, 0x65, 0x72, 0x5f, 0x36, 0x61, 0x65, 0x5f, 0x70,
  0x69, 0x78, 0x65, 0x6c, 0x5f, 0x63, 0x6f, 0x6e, 0x73, 0x74, 0x61, 0x6e, 0x74, 0x73, 0x5f, 0x34,
  0x36, 0x5f, 0x37, 0x30, 0x00, 0x00, 0x00, 0x00, 0x06, 0x00, 0x0c, 0x00, 0x56, 0x00, 0x00, 0x00,
  0x09, 0x00, 0x00, 0x00, 0x70, 0x6c, 0x61, 0x79, 0x65, 0x72, 0x5f, 0x36, 0x61, 0x65, 0x5f, 0x70,
  0x69, 0x78, 0x65, 0x6c, 0x5f, 0x63, 0x6f, 0x6e, 0x73, 0x74, 0x61, 0x6e, 0x74, 0x73, 0x5f, 0x32,
  0x35, 0x34, 0x5f, 0x32, 0x35, 0x35, 0x00, 0x00, 0x06, 0x00, 0x0a, 0x00, 0x56, 0x00, 0x00, 0x00,
  0x0a, 0x00, 0x00, 0x00, 0x70, 0x6c, 0x61, 0x79, 0x65, 0x72, 0x5f, 0x36, 0x61, 0x65, 0x5f, 0x62,
  0x75, 0x66, 0x66, 0x65, 0x72, 0x5f, 0x6c, 0x61, 0x79, 0x6f, 0x75, 0x74, 0x00, 0x00, 0x00, 0x00,
  0x06, 0x00, 0x09, 0x00, 0x56, 0x00, 0x00, 0x00, 0x0b, 0x00, 0x00, 0x00, 0x70, 0x6c, 0x61, 0x79,
  0x65, 0x72, 0x5f, 0x36, 0x61, 0x65, 0x5f, 0x70, 0x72, 0x6f, 0x62, 0x65, 0x5f, 0x74, 0x69, 0x6e,
  0x74, 0x00, 0x00, 0x00, 0x05, 0x00, 0x03, 0x00, 0x58, 0x00, 0x00, 0x00, 0x00, 0x00, 0x00, 0x00,
  0x05, 0x00, 0x07, 0x00, 0x79, 0x02, 0x00, 0x00, 0x69, 0x6e, 0x70, 0x75, 0x74, 0x2e, 0x69, 0x6e,
  0x74, 0x65, 0x72, 0x70, 0x6f, 0x6c, 0x61, 0x74, 0x6f, 0x72, 0x30, 0x00, 0x05, 0x00, 0x07, 0x00,
  0x7c, 0x02, 0x00, 0x00, 0x69, 0x6e, 0x70, 0x75, 0x74, 0x2e, 0x69, 0x6e, 0x74, 0x65, 0x72, 0x70,
  0x6f, 0x6c, 0x61, 0x74, 0x6f, 0x72, 0x31, 0x00, 0x05, 0x00, 0x07, 0x00, 0x7f, 0x02, 0x00, 0x00,
  0x69, 0x6e, 0x70, 0x75, 0x74, 0x2e, 0x69, 0x6e, 0x74, 0x65, 0x72, 0x70, 0x6f, 0x6c, 0x61, 0x74,
  0x6f, 0x72, 0x32, 0x00, 0x05, 0x00, 0x07, 0x00, 0x82, 0x02, 0x00, 0x00, 0x69, 0x6e, 0x70, 0x75,
  0x74, 0x2e, 0x69, 0x6e, 0x74, 0x65, 0x72, 0x70, 0x6f, 0x6c, 0x61, 0x74, 0x6f, 0x72, 0x33, 0x00,
  0x05, 0x00, 0x07, 0x00, 0x85, 0x02, 0x00, 0x00, 0x69, 0x6e, 0x70, 0x75, 0x74, 0x2e, 0x69, 0x6e,
  0x74, 0x65, 0x72, 0x70, 0x6f, 0x6c, 0x61, 0x74, 0x6f, 0x72, 0x34, 0x00, 0x05, 0x00, 0x07, 0x00,
  0x8f, 0x02, 0x00, 0x00, 0x40, 0x65, 0x6e, 0x74, 0x72, 0x79, 0x50, 0x6f, 0x69, 0x6e, 0x74, 0x4f,
  0x75, 0x74, 0x70, 0x75, 0x74, 0x00, 0x00, 0x00, 0x47, 0x00, 0x04, 0x00, 0x28, 0x00, 0x00, 0x00,
  0x21, 0x00, 0x00, 0x00, 0x01, 0x00, 0x00, 0x00, 0x47, 0x00, 0x04, 0x00, 0x28, 0x00, 0x00, 0x00,
  0x22, 0x00, 0x00, 0x00, 0x01, 0x00, 0x00, 0x00, 0x47, 0x00, 0x04, 0x00, 0x2c, 0x00, 0x00, 0x00,
  0x21, 0x00, 0x00, 0x00, 0x03, 0x00, 0x00, 0x00, 0x47, 0x00, 0x04, 0x00, 0x2c, 0x00, 0x00, 0x00,
  0x22, 0x00, 0x00, 0x00, 0x00, 0x00, 0x00, 0x00, 0x47, 0x00, 0x04, 0x00, 0x3d, 0x00, 0x00, 0x00,
  0x21, 0x00, 0x00, 0x00, 0x05, 0x00, 0x00, 0x00, 0x47, 0x00, 0x04, 0x00, 0x3d, 0x00, 0x00, 0x00,
  0x22, 0x00, 0x00, 0x00, 0x01, 0x00, 0x00, 0x00, 0x47, 0x00, 0x04, 0x00, 0x4c, 0x00, 0x00, 0x00,
  0x06, 0x00, 0x00, 0x00, 0x10, 0x00, 0x00, 0x00, 0x47, 0x00, 0x04, 0x00, 0x4e, 0x00, 0x00, 0x00,
  0x06, 0x00, 0x00, 0x00, 0x10, 0x00, 0x00, 0x00, 0x47, 0x00, 0x04, 0x00, 0x50, 0x00, 0x00, 0x00,
  0x06, 0x00, 0x00, 0x00, 0x10, 0x00, 0x00, 0x00, 0x47, 0x00, 0x04, 0x00, 0x52, 0x00, 0x00, 0x00,
  0x06, 0x00, 0x00, 0x00, 0x10, 0x00, 0x00, 0x00, 0x47, 0x00, 0x04, 0x00, 0x54, 0x00, 0x00, 0x00,
  0x06, 0x00, 0x00, 0x00, 0x10, 0x00, 0x00, 0x00, 0x47, 0x00, 0x03, 0x00, 0x56, 0x00, 0x00, 0x00,
  0x02, 0x00, 0x00, 0x00, 0x48, 0x00, 0x05, 0x00, 0x56, 0x00, 0x00, 0x00, 0x00, 0x00, 0x00, 0x00,
  0x23, 0x00, 0x00, 0x00, 0x00, 0x00, 0x00, 0x00, 0x48, 0x00, 0x05, 0x00, 0x56, 0x00, 0x00, 0x00,
  0x01, 0x00, 0x00, 0x00, 0x23, 0x00, 0x00, 0x00, 0x40, 0x00, 0x00, 0x00, 0x48, 0x00, 0x05, 0x00,
  0x56, 0x00, 0x00, 0x00, 0x02, 0x00, 0x00, 0x00, 0x23, 0x00, 0x00, 0x00, 0x50, 0x00, 0x00, 0x00,
  0x48, 0x00, 0x05, 0x00, 0x56, 0x00, 0x00, 0x00, 0x03, 0x00, 0x00, 0x00, 0x23, 0x00, 0x00, 0x00,
  0xd0, 0x00, 0x00, 0x00, 0x48, 0x00, 0x05, 0x00, 0x56, 0x00, 0x00, 0x00, 0x04, 0x00, 0x00, 0x00,
  0x23, 0x00, 0x00, 0x00, 0xe0, 0x00, 0x00, 0x00, 0x48, 0x00, 0x05, 0x00, 0x56, 0x00, 0x00, 0x00,
  0x05, 0x00, 0x00, 0x00, 0x23, 0x00, 0x00, 0x00, 0xf0, 0x00, 0x00, 0x00, 0x48, 0x00, 0x05, 0x00,
  0x56, 0x00, 0x00, 0x00, 0x06, 0x00, 0x00, 0x00, 0x23, 0x00, 0x00, 0x00, 0x00, 0x01, 0x00, 0x00,
  0x48, 0x00, 0x05, 0x00, 0x56, 0x00, 0x00, 0x00, 0x07, 0x00, 0x00, 0x00, 0x23, 0x00, 0x00, 0x00,
  0x10, 0x01, 0x00, 0x00, 0x48, 0x00, 0x05, 0x00, 0x56, 0x00, 0x00, 0x00, 0x08, 0x00, 0x00, 0x00,
  0x23, 0x00, 0x00, 0x00, 0x80, 0x01, 0x00, 0x00, 0x48, 0x00, 0x05, 0x00, 0x56, 0x00, 0x00, 0x00,
  0x09, 0x00, 0x00, 0x00, 0x23, 0x00, 0x00, 0x00, 0x10, 0x03, 0x00, 0x00, 0x48, 0x00, 0x05, 0x00,
  0x56, 0x00, 0x00, 0x00, 0x0a, 0x00, 0x00, 0x00, 0x23, 0x00, 0x00, 0x00, 0x30, 0x03, 0x00, 0x00,
  0x48, 0x00, 0x05, 0x00, 0x56, 0x00, 0x00, 0x00, 0x0b, 0x00, 0x00, 0x00, 0x23, 0x00, 0x00, 0x00,
  0x40, 0x03, 0x00, 0x00, 0x47, 0x00, 0x04, 0x00, 0x58, 0x00, 0x00, 0x00, 0x21, 0x00, 0x00, 0x00,
  0x00, 0x00, 0x00, 0x00, 0x47, 0x00, 0x04, 0x00, 0x58, 0x00, 0x00, 0x00, 0x22, 0x00, 0x00, 0x00,
  0x00, 0x00, 0x00, 0x00, 0x47, 0x00, 0x04, 0x00, 0x79, 0x02, 0x00, 0x00, 0x1e, 0x00, 0x00, 0x00,
  0x00, 0x00, 0x00, 0x00, 0x47, 0x00, 0x04, 0x00, 0x7c, 0x02, 0x00, 0x00, 0x1e, 0x00, 0x00, 0x00,
  0x01, 0x00, 0x00, 0x00, 0x47, 0x00, 0x04, 0x00, 0x7f, 0x02, 0x00, 0x00, 0x1e, 0x00, 0x00, 0x00,
  0x02, 0x00, 0x00, 0x00, 0x47, 0x00, 0x04, 0x00, 0x82, 0x02, 0x00, 0x00, 0x1e, 0x00, 0x00, 0x00,
  0x03, 0x00, 0x00, 0x00, 0x47, 0x00, 0x04, 0x00, 0x85, 0x02, 0x00, 0x00, 0x1e, 0x00, 0x00, 0x00,
  0x04, 0x00, 0x00, 0x00, 0x47, 0x00, 0x04, 0x00, 0x8f, 0x02, 0x00, 0x00, 0x1e, 0x00, 0x00, 0x00,
  0x00, 0x00, 0x00, 0x00, 0x13, 0x00, 0x02, 0x00, 0x02, 0x00, 0x00, 0x00, 0x21, 0x00, 0x03, 0x00,
  0x03, 0x00, 0x00, 0x00, 0x02, 0x00, 0x00, 0x00, 0x16, 0x00, 0x03, 0x00, 0x06, 0x00, 0x00, 0x00,
  0x20, 0x00, 0x00, 0x00, 0x17, 0x00, 0x04, 0x00, 0x07, 0x00, 0x00, 0x00, 0x06, 0x00, 0x00, 0x00,
  0x02, 0x00, 0x00, 0x00, 0x17, 0x00, 0x04, 0x00, 0x09, 0x00, 0x00, 0x00, 0x06, 0x00, 0x00, 0x00,
  0x04, 0x00, 0x00, 0x00, 0x15, 0x00, 0x04, 0x00, 0x14, 0x00, 0x00, 0x00, 0x20, 0x00, 0x00, 0x00,
  0x00, 0x00, 0x00, 0x00, 0x17, 0x00, 0x04, 0x00, 0x1c, 0x00, 0x00, 0x00, 0x06, 0x00, 0x00, 0x00,
  0x03, 0x00, 0x00, 0x00, 0x19, 0x00, 0x09, 0x00, 0x26, 0x00, 0x00, 0x00, 0x06, 0x00, 0x00, 0x00,
  0x01, 0x00, 0x00, 0x00, 0x00, 0x00, 0x00, 0x00, 0x00, 0x00, 0x00, 0x00, 0x00, 0x00, 0x00, 0x00,
  0x01, 0x00, 0x00, 0x00, 0x00, 0x00, 0x00, 0x00, 0x20, 0x00, 0x04, 0x00, 0x27, 0x00, 0x00, 0x00,
  0x00, 0x00, 0x00, 0x00, 0x26, 0x00, 0x00, 0x00, 0x3b, 0x00, 0x04, 0x00, 0x27, 0x00, 0x00, 0x00,
  0x28, 0x00, 0x00, 0x00, 0x00, 0x00, 0x00, 0x00, 0x1a, 0x00, 0x02, 0x00, 0x2a, 0x00, 0x00, 0x00,
  0x20, 0x00, 0x04, 0x00, 0x2b, 0x00, 0x00, 0x00, 0x00, 0x00, 0x00, 0x00, 0x2a, 0x00, 0x00, 0x00,
  0x3b, 0x00, 0x04, 0x00, 0x2b, 0x00, 0x00, 0x00, 0x2c, 0x00, 0x00, 0x00, 0x00, 0x00, 0x00, 0x00,
  0x1b, 0x00, 0x03, 0x00, 0x2e, 0x00, 0x00, 0x00, 0x26, 0x00, 0x00, 0x00, 0x3b, 0x00, 0x04, 0x00,
  0x27, 0x00, 0x00, 0x00, 0x3d, 0x00, 0x00, 0x00, 0x00, 0x00, 0x00, 0x00, 0x2b, 0x00, 0x04, 0x00,
  0x14, 0x00, 0x00, 0x00, 0x46, 0x00, 0x00, 0x00, 0x13, 0x00, 0x00, 0x00, 0x2b, 0x00, 0x04, 0x00,
  0x14, 0x00, 0x00, 0x00, 0x4b, 0x00, 0x00, 0x00, 0x04, 0x00, 0x00, 0x00, 0x1c, 0x00, 0x04, 0x00,
  0x4c, 0x00, 0x00, 0x00, 0x09, 0x00, 0x00, 0x00, 0x4b, 0x00, 0x00, 0x00, 0x2b, 0x00, 0x04, 0x00,
  0x14, 0x00, 0x00, 0x00, 0x4d, 0x00, 0x00, 0x00, 0x08, 0x00, 0x00, 0x00, 0x1c, 0x00, 0x04, 0x00,
  0x4e, 0x00, 0x00, 0x00, 0x09, 0x00, 0x00, 0x00, 0x4d, 0x00, 0x00, 0x00, 0x2b, 0x00, 0x04, 0x00,
  0x14, 0x00, 0x00, 0x00, 0x4f, 0x00, 0x00, 0x00, 0x07, 0x00, 0x00, 0x00, 0x1c, 0x00, 0x04, 0x00,
  0x50, 0x00, 0x00, 0x00, 0x09, 0x00, 0x00, 0x00, 0x4f, 0x00, 0x00, 0x00, 0x2b, 0x00, 0x04, 0x00,
  0x14, 0x00, 0x00, 0x00, 0x51, 0x00, 0x00, 0x00, 0x19, 0x00, 0x00, 0x00, 0x1c, 0x00, 0x04, 0x00,
  0x52, 0x00, 0x00, 0x00, 0x09, 0x00, 0x00, 0x00, 0x51, 0x00, 0x00, 0x00, 0x2b, 0x00, 0x04, 0x00,
  0x14, 0x00, 0x00, 0x00, 0x53, 0x00, 0x00, 0x00, 0x02, 0x00, 0x00, 0x00, 0x1c, 0x00, 0x04, 0x00,
  0x54, 0x00, 0x00, 0x00, 0x09, 0x00, 0x00, 0x00, 0x53, 0x00, 0x00, 0x00, 0x17, 0x00, 0x04, 0x00,
  0x55, 0x00, 0x00, 0x00, 0x14, 0x00, 0x00, 0x00, 0x04, 0x00, 0x00, 0x00, 0x1e, 0x00, 0x0e, 0x00,
  0x56, 0x00, 0x00, 0x00, 0x4c, 0x00, 0x00, 0x00, 0x09, 0x00, 0x00, 0x00, 0x4e, 0x00, 0x00, 0x00,
  0x09, 0x00, 0x00, 0x00, 0x09, 0x00, 0x00, 0x00, 0x09, 0x00, 0x00, 0x00, 0x09, 0x00, 0x00, 0x00,
  0x50, 0x00, 0x00, 0x00, 0x52, 0x00, 0x00, 0x00, 0x54, 0x00, 0x00, 0x00, 0x55, 0x00, 0x00, 0x00,
  0x09, 0x00, 0x00, 0x00, 0x20, 0x00, 0x04, 0x00, 0x57, 0x00, 0x00, 0x00, 0x02, 0x00, 0x00, 0x00,
  0x56, 0x00, 0x00, 0x00, 0x3b, 0x00, 0x04, 0x00, 0x57, 0x00, 0x00, 0x00, 0x58, 0x00, 0x00, 0x00,
  0x02, 0x00, 0x00, 0x00, 0x15, 0x00, 0x04, 0x00, 0x59, 0x00, 0x00, 0x00, 0x20, 0x00, 0x00, 0x00,
  0x01, 0x00, 0x00, 0x00, 0x20, 0x00, 0x04, 0x00, 0x5b, 0x00, 0x00, 0x00, 0x02, 0x00, 0x00, 0x00,
  0x09, 0x00, 0x00, 0x00, 0x2b, 0x00, 0x04, 0x00, 0x14, 0x00, 0x00, 0x00, 0x60, 0x00, 0x00, 0x00,
  0x15, 0x00, 0x00, 0x00, 0x2b, 0x00, 0x04, 0x00, 0x59, 0x00, 0x00, 0x00, 0x77, 0x00, 0x00, 0x00,
  0x08, 0x00, 0x00, 0x00, 0x2b, 0x00, 0x04, 0x00, 0x59, 0x00, 0x00, 0x00, 0x80, 0x00, 0x00, 0x00,
  0x09, 0x00, 0x00, 0x00, 0x2b, 0x00, 0x04, 0x00, 0x59, 0x00, 0x00, 0x00, 0x81, 0x00, 0x00, 0x00,
  0x00, 0x00, 0x00, 0x00, 0x2b, 0x00, 0x04, 0x00, 0x59, 0x00, 0x00, 0x00, 0x84, 0x00, 0x00, 0x00,
  0x01, 0x00, 0x00, 0x00, 0x2b, 0x00, 0x04, 0x00, 0x06, 0x00, 0x00, 0x00, 0xae, 0x00, 0x00, 0x00,
  0x00, 0x00, 0x00, 0x00, 0x2c, 0x00, 0x07, 0x00, 0x09, 0x00, 0x00, 0x00, 0xaf, 0x00, 0x00, 0x00,
  0xae, 0x00, 0x00, 0x00, 0xae, 0x00, 0x00, 0x00, 0xae, 0x00, 0x00, 0x00, 0xae, 0x00, 0x00, 0x00,
  0x2b, 0x00, 0x04, 0x00, 0x14, 0x00, 0x00, 0x00, 0xbd, 0x00, 0x00, 0x00, 0x03, 0x00, 0x00, 0x00,
  0x2b, 0x00, 0x04, 0x00, 0x14, 0x00, 0x00, 0x00, 0xcb, 0x00, 0x00, 0x00, 0x00, 0x00, 0x00, 0x00,
  0x2b, 0x00, 0x04, 0x00, 0x06, 0x00, 0x00, 0x00, 0x0c, 0x01, 0x00, 0x00, 0x00, 0x00, 0x80, 0x3f,
  0x2c, 0x00, 0x06, 0x00, 0x1c, 0x00, 0x00, 0x00, 0x67, 0x02, 0x00, 0x00, 0xae, 0x00, 0x00, 0x00,
  0xae, 0x00, 0x00, 0x00, 0xae, 0x00, 0x00, 0x00, 0x2b, 0x00, 0x04, 0x00, 0x59, 0x00, 0x00, 0x00,
  0x69, 0x02, 0x00, 0x00, 0x0b, 0x00, 0x00, 0x00, 0x20, 0x00, 0x04, 0x00, 0x6a, 0x02, 0x00, 0x00,
  0x02, 0x00, 0x00, 0x00, 0x06, 0x00, 0x00, 0x00, 0x20, 0x00, 0x04, 0x00, 0x75, 0x02, 0x00, 0x00,
  0x01, 0x00, 0x00, 0x00, 0x09, 0x00, 0x00, 0x00, 0x3b, 0x00, 0x04, 0x00, 0x75, 0x02, 0x00, 0x00,
  0x79, 0x02, 0x00, 0x00, 0x01, 0x00, 0x00, 0x00, 0x3b, 0x00, 0x04, 0x00, 0x75, 0x02, 0x00, 0x00,
  0x7c, 0x02, 0x00, 0x00, 0x01, 0x00, 0x00, 0x00, 0x3b, 0x00, 0x04, 0x00, 0x75, 0x02, 0x00, 0x00,
  0x7f, 0x02, 0x00, 0x00, 0x01, 0x00, 0x00, 0x00, 0x3b, 0x00, 0x04, 0x00, 0x75, 0x02, 0x00, 0x00,
  0x82, 0x02, 0x00, 0x00, 0x01, 0x00, 0x00, 0x00, 0x3b, 0x00, 0x04, 0x00, 0x75, 0x02, 0x00, 0x00,
  0x85, 0x02, 0x00, 0x00, 0x01, 0x00, 0x00, 0x00, 0x20, 0x00, 0x04, 0x00, 0x8e, 0x02, 0x00, 0x00,
  0x03, 0x00, 0x00, 0x00, 0x09, 0x00, 0x00, 0x00, 0x3b, 0x00, 0x04, 0x00, 0x8e, 0x02, 0x00, 0x00,
  0x8f, 0x02, 0x00, 0x00, 0x03, 0x00, 0x00, 0x00, 0x2b, 0x00, 0x04, 0x00, 0x14, 0x00, 0x00, 0x00,
  0x78, 0x07, 0x00, 0x00, 0x12, 0x00, 0x00, 0x00, 0x2b, 0x00, 0x04, 0x00, 0x14, 0x00, 0x00, 0x00,
  0x7b, 0x07, 0x00, 0x00, 0x14, 0x00, 0x00, 0x00, 0x2b, 0x00, 0x04, 0x00, 0x14, 0x00, 0x00, 0x00,
  0x7d, 0x07, 0x00, 0x00, 0x16, 0x00, 0x00, 0x00, 0x2b, 0x00, 0x04, 0x00, 0x14, 0x00, 0x00, 0x00,
  0x7f, 0x07, 0x00, 0x00, 0x17, 0x00, 0x00, 0x00, 0x2b, 0x00, 0x04, 0x00, 0x14, 0x00, 0x00, 0x00,
  0x81, 0x07, 0x00, 0x00, 0x18, 0x00, 0x00, 0x00, 0x2c, 0x00, 0x06, 0x00, 0x1c, 0x00, 0x00, 0x00,
  0x88, 0x07, 0x00, 0x00, 0x0c, 0x01, 0x00, 0x00, 0x0c, 0x01, 0x00, 0x00, 0x0c, 0x01, 0x00, 0x00,
  0x2c, 0x00, 0x07, 0x00, 0x09, 0x00, 0x00, 0x00, 0x89, 0x07, 0x00, 0x00, 0x0c, 0x01, 0x00, 0x00,
  0x0c, 0x01, 0x00, 0x00, 0x0c, 0x01, 0x00, 0x00, 0x0c, 0x01, 0x00, 0x00, 0x2b, 0x00, 0x04, 0x00,
  0x14, 0x00, 0x00, 0x00, 0x8a, 0x07, 0x00, 0x00, 0x0b, 0x00, 0x00, 0x00, 0x2e, 0x00, 0x03, 0x00,
  0x09, 0x00, 0x00, 0x00, 0x8c, 0x07, 0x00, 0x00, 0x01, 0x00, 0x03, 0x00, 0x09, 0x00, 0x00, 0x00,
  0x8f, 0x07, 0x00, 0x00, 0x01, 0x00, 0x03, 0x00, 0x06, 0x00, 0x00, 0x00, 0x90, 0x07, 0x00, 0x00,
  0x36, 0x00, 0x05, 0x00, 0x02, 0x00, 0x00, 0x00, 0x04, 0x00, 0x00, 0x00, 0x00, 0x00, 0x00, 0x00,
  0x03, 0x00, 0x00, 0x00, 0xf8, 0x00, 0x02, 0x00, 0x05, 0x00, 0x00, 0x00, 0x3d, 0x00, 0x04, 0x00,
  0x09, 0x00, 0x00, 0x00, 0x7a, 0x02, 0x00, 0x00, 0x79, 0x02, 0x00, 0x00, 0x3d, 0x00, 0x04, 0x00,
  0x09, 0x00, 0x00, 0x00, 0x7d, 0x02, 0x00, 0x00, 0x7c, 0x02, 0x00, 0x00, 0x3d, 0x00, 0x04, 0x00,
  0x09, 0x00, 0x00, 0x00, 0x80, 0x02, 0x00, 0x00, 0x7f, 0x02, 0x00, 0x00, 0x3d, 0x00, 0x04, 0x00,
  0x09, 0x00, 0x00, 0x00, 0x83, 0x02, 0x00, 0x00, 0x82, 0x02, 0x00, 0x00, 0x3d, 0x00, 0x04, 0x00,
  0x09, 0x00, 0x00, 0x00, 0x86, 0x02, 0x00, 0x00, 0x85, 0x02, 0x00, 0x00, 0xf7, 0x00, 0x03, 0x00,
  0xa1, 0x04, 0x00, 0x00, 0x00, 0x00, 0x00, 0x00, 0xfb, 0x00, 0x03, 0x00, 0xcb, 0x00, 0x00, 0x00,
  0x7c, 0x04, 0x00, 0x00, 0xf8, 0x00, 0x02, 0x00, 0x7c, 0x04, 0x00, 0x00, 0x41, 0x00, 0x06, 0x00,
  0x5b, 0x00, 0x00, 0x00, 0x9b, 0x04, 0x00, 0x00, 0x58, 0x00, 0x00, 0x00, 0x80, 0x00, 0x00, 0x00,
  0x81, 0x00, 0x00, 0x00, 0x3d, 0x00, 0x04, 0x00, 0x09, 0x00, 0x00, 0x00, 0x9c, 0x04, 0x00, 0x00,
  0x9b, 0x04, 0x00, 0x00, 0xf9, 0x00, 0x02, 0x00, 0xa1, 0x04, 0x00, 0x00, 0xf8, 0x00, 0x02, 0x00,
  0xa1, 0x04, 0x00, 0x00, 0xf7, 0x00, 0x03, 0x00, 0xcc, 0x04, 0x00, 0x00, 0x00, 0x00, 0x00, 0x00,
  0xfb, 0x00, 0x03, 0x00, 0xcb, 0x00, 0x00, 0x00, 0xa7, 0x04, 0x00, 0x00, 0xf8, 0x00, 0x02, 0x00,
  0xa7, 0x04, 0x00, 0x00, 0x41, 0x00, 0x06, 0x00, 0x5b, 0x00, 0x00, 0x00, 0xc8, 0x04, 0x00, 0x00,
  0x58, 0x00, 0x00, 0x00, 0x80, 0x00, 0x00, 0x00, 0x84, 0x00, 0x00, 0x00, 0x3d, 0x00, 0x04, 0x00,
  0x09, 0x00, 0x00, 0x00, 0xc9, 0x04, 0x00, 0x00, 0xc8, 0x04, 0x00, 0x00, 0xf9, 0x00, 0x02, 0x00,
  0xcc, 0x04, 0x00, 0x00, 0xf8, 0x00, 0x02, 0x00, 0xcc, 0x04, 0x00, 0x00, 0x4f, 0x00, 0x07, 0x00,
  0x07, 0x00, 0x00, 0x00, 0xf3, 0x02, 0x00, 0x00, 0x7a, 0x02, 0x00, 0x00, 0x7a, 0x02, 0x00, 0x00,
  0x00, 0x00, 0x00, 0x00, 0x01, 0x00, 0x00, 0x00, 0x3d, 0x00, 0x04, 0x00, 0x26, 0x00, 0x00, 0x00,
  0xd0, 0x04, 0x00, 0x00, 0x28, 0x00, 0x00, 0x00, 0x3d, 0x00, 0x04, 0x00, 0x2a, 0x00, 0x00, 0x00,
  0xd1, 0x04, 0x00, 0x00, 0x2c, 0x00, 0x00, 0x00, 0x56, 0x00, 0x05, 0x00, 0x2e, 0x00, 0x00, 0x00,
  0xd2, 0x04, 0x00, 0x00, 0xd0, 0x04, 0x00, 0x00, 0xd1, 0x04, 0x00, 0x00, 0x57, 0x00, 0x05, 0x00,
  0x09, 0x00, 0x00, 0x00, 0xd4, 0x04, 0x00, 0x00, 0xd2, 0x04, 0x00, 0x00, 0xf3, 0x02, 0x00, 0x00,
  0x51, 0x00, 0x05, 0x00, 0x06, 0x00, 0x00, 0x00, 0xf9, 0x02, 0x00, 0x00, 0xd4, 0x04, 0x00, 0x00,
  0x03, 0x00, 0x00, 0x00, 0x52, 0x00, 0x06, 0x00, 0x09, 0x00, 0x00, 0x00, 0xbb, 0x06, 0x00, 0x00,
  0xf9, 0x02, 0x00, 0x00, 0xaf, 0x00, 0x00, 0x00, 0x03, 0x00, 0x00, 0x00, 0x4f, 0x00, 0x08, 0x00,
  0x1c, 0x00, 0x00, 0x00, 0xfc, 0x02, 0x00, 0x00, 0x7d, 0x02, 0x00, 0x00, 0x7d, 0x02, 0x00, 0x00,
  0x00, 0x00, 0x00, 0x00, 0x01, 0x00, 0x00, 0x00, 0x02, 0x00, 0x00, 0x00, 0x51, 0x00, 0x05, 0x00,
  0x06, 0x00, 0x00, 0x00, 0xfe, 0x02, 0x00, 0x00, 0xc9, 0x04, 0x00, 0x00, 0x02, 0x00, 0x00, 0x00,
  0x51, 0x00, 0x05, 0x00, 0x06, 0x00, 0x00, 0x00, 0x02, 0x03, 0x00, 0x00, 0xc9, 0x04, 0x00, 0x00,
  0x03, 0x00, 0x00, 0x00, 0x50, 0x00, 0x06, 0x00, 0x1c, 0x00, 0x00, 0x00, 0x03, 0x03, 0x00, 0x00,
  0xfe, 0x02, 0x00, 0x00, 0xfe, 0x02, 0x00, 0x00, 0x02, 0x03, 0x00, 0x00, 0x85, 0x00, 0x05, 0x00,
  0x1c, 0x00, 0x00, 0x00, 0x04, 0x03, 0x00, 0x00, 0xfc, 0x02, 0x00, 0x00, 0x03, 0x03, 0x00, 0x00,
  0x51, 0x00, 0x05, 0x00, 0x06, 0x00, 0x00, 0x00, 0x06, 0x03, 0x00, 0x00, 0x04, 0x03, 0x00, 0x00,
  0x00, 0x00, 0x00, 0x00, 0x52, 0x00, 0x06, 0x00, 0x09, 0x00, 0x00, 0x00, 0xc0, 0x06, 0x00, 0x00,
  0x06, 0x03, 0x00, 0x00, 0x8f, 0x07, 0x00, 0x00, 0x00, 0x00, 0x00, 0x00, 0x51, 0x00, 0x05, 0x00,
  0x06, 0x00, 0x00, 0x00, 0x08, 0x03, 0x00, 0x00, 0x04, 0x03, 0x00, 0x00, 0x01, 0x00, 0x00, 0x00,
  0x51, 0x00, 0x05, 0x00, 0x06, 0x00, 0x00, 0x00, 0x0a, 0x03, 0x00, 0x00, 0x04, 0x03, 0x00, 0x00,
  0x02, 0x00, 0x00, 0x00, 0x52, 0x00, 0x06, 0x00, 0x09, 0x00, 0x00, 0x00, 0xc4, 0x06, 0x00, 0x00,
  0x0a, 0x03, 0x00, 0x00, 0xc0, 0x06, 0x00, 0x00, 0x02, 0x00, 0x00, 0x00, 0x51, 0x00, 0x05, 0x00,
  0x06, 0x00, 0x00, 0x00, 0x0c, 0x03, 0x00, 0x00, 0x9c, 0x04, 0x00, 0x00, 0x00, 0x00, 0x00, 0x00,
  0x81, 0x00, 0x05, 0x00, 0x06, 0x00, 0x00, 0x00, 0x0f, 0x03, 0x00, 0x00, 0x0c, 0x03, 0x00, 0x00,
  0x08, 0x03, 0x00, 0x00, 0x52, 0x00, 0x06, 0x00, 0x09, 0x00, 0x00, 0x00, 0xc8, 0x06, 0x00, 0x00,
  0x0f, 0x03, 0x00, 0x00, 0x8f, 0x07, 0x00, 0x00, 0x03, 0x00, 0x00, 0x00, 0x4f, 0x00, 0x07, 0x00,
  0x07, 0x00, 0x00, 0x00, 0x12, 0x03, 0x00, 0x00, 0xc4, 0x06, 0x00, 0x00, 0xc4, 0x06, 0x00, 0x00,
  0x00, 0x00, 0x00, 0x00, 0x02, 0x00, 0x00, 0x00, 0x4f, 0x00, 0x07, 0x00, 0x07, 0x00, 0x00, 0x00,
  0x14, 0x03, 0x00, 0x00, 0xc8, 0x06, 0x00, 0x00, 0xc8, 0x06, 0x00, 0x00, 0x03, 0x00, 0x00, 0x00,
  0x03, 0x00, 0x00, 0x00, 0x85, 0x00, 0x05, 0x00, 0x07, 0x00, 0x00, 0x00, 0x15, 0x03, 0x00, 0x00,
  0x12, 0x03, 0x00, 0x00, 0x14, 0x03, 0x00, 0x00, 0x51, 0x00, 0x05, 0x00, 0x06, 0x00, 0x00, 0x00,
  0x17, 0x03, 0x00, 0x00, 0x15, 0x03, 0x00, 0x00, 0x00, 0x00, 0x00, 0x00, 0x52, 0x00, 0x06, 0x00,
  0x09, 0x00, 0x00, 0x00, 0xca, 0x06, 0x00, 0x00, 0x17, 0x03, 0x00, 0x00, 0xbb, 0x06, 0x00, 0x00,
  0x00, 0x00, 0x00, 0x00, 0x51, 0x00, 0x05, 0x00, 0x06, 0x00, 0x00, 0x00, 0x19, 0x03, 0x00, 0x00,
  0x15, 0x03, 0x00, 0x00, 0x01, 0x00, 0x00, 0x00, 0x52, 0x00, 0x06, 0x00, 0x09, 0x00, 0x00, 0x00,
  0xcc, 0x06, 0x00, 0x00, 0x19, 0x03, 0x00, 0x00, 0xca, 0x06, 0x00, 0x00, 0x01, 0x00, 0x00, 0x00,
  0x4f, 0x00, 0x09, 0x00, 0x09, 0x00, 0x00, 0x00, 0x1c, 0x03, 0x00, 0x00, 0xc9, 0x04, 0x00, 0x00,
  0x8c, 0x07, 0x00, 0x00, 0x00, 0x00, 0x00, 0x00, 0x00, 0x00, 0x00, 0x00, 0x01, 0x00, 0x00, 0x00,
  0x01, 0x00, 0x00, 0x00, 0x81, 0x00, 0x05, 0x00, 0x09, 0x00, 0x00, 0x00, 0x1d, 0x03, 0x00, 0x00,
  0xcc, 0x06, 0x00, 0x00, 0x1c, 0x03, 0x00, 0x00, 0x4f, 0x00, 0x07, 0x00, 0x07, 0x00, 0x00, 0x00,
  0x24, 0x03, 0x00, 0x00, 0x1d, 0x03, 0x00, 0x00, 0x1d, 0x03, 0x00, 0x00, 0x00, 0x00, 0x00, 0x00,
  0x01, 0x00, 0x00, 0x00, 0x3d, 0x00, 0x04, 0x00, 0x26, 0x00, 0x00, 0x00, 0xde, 0x04, 0x00, 0x00,
  0x3d, 0x00, 0x00, 0x00, 0x3d, 0x00, 0x04, 0x00, 0x2a, 0x00, 0x00, 0x00, 0xdf, 0x04, 0x00, 0x00,
  0x2c, 0x00, 0x00, 0x00, 0x56, 0x00, 0x05, 0x00, 0x2e, 0x00, 0x00, 0x00, 0xe0, 0x04, 0x00, 0x00,
  0xde, 0x04, 0x00, 0x00, 0xdf, 0x04, 0x00, 0x00, 0x57, 0x00, 0x05, 0x00, 0x09, 0x00, 0x00, 0x00,
  0xe2, 0x04, 0x00, 0x00, 0xe0, 0x04, 0x00, 0x00, 0x24, 0x03, 0x00, 0x00, 0x51, 0x00, 0x05, 0x00,
  0x06, 0x00, 0x00, 0x00, 0x26, 0x03, 0x00, 0x00, 0xe2, 0x04, 0x00, 0x00, 0x00, 0x00, 0x00, 0x00,
  0x52, 0x00, 0x06, 0x00, 0x09, 0x00, 0x00, 0x00, 0xd0, 0x06, 0x00, 0x00, 0x26, 0x03, 0x00, 0x00,
  0x8f, 0x07, 0x00, 0x00, 0x00, 0x00, 0x00, 0x00, 0xf7, 0x00, 0x03, 0x00, 0x0c, 0x05, 0x00, 0x00,
  0x00, 0x00, 0x00, 0x00, 0xfb, 0x00, 0x03, 0x00, 0xcb, 0x00, 0x00, 0x00, 0xe7, 0x04, 0x00, 0x00,
  0xf8, 0x00, 0x02, 0x00, 0xe7, 0x04, 0x00, 0x00, 0x41, 0x00, 0x06, 0x00, 0x5b, 0x00, 0x00, 0x00,
  0x01, 0x05, 0x00, 0x00, 0x58, 0x00, 0x00, 0x00, 0x77, 0x00, 0x00, 0x00, 0x78, 0x07, 0x00, 0x00,
  0x3d, 0x00, 0x04, 0x00, 0x09, 0x00, 0x00, 0x00, 0x02, 0x05, 0x00, 0x00, 0x01, 0x05, 0x00, 0x00,
  0xf9, 0x00, 0x02, 0x00, 0x0c, 0x05, 0x00, 0x00, 0xf8, 0x00, 0x02, 0x00, 0x0c, 0x05, 0x00, 0x00,
  0xf7, 0x00, 0x03, 0x00, 0x37, 0x05, 0x00, 0x00, 0x00, 0x00, 0x00, 0x00, 0xfb, 0x00, 0x03, 0x00,
  0xcb, 0x00, 0x00, 0x00, 0x12, 0x05, 0x00, 0x00, 0xf8, 0x00, 0x02, 0x00, 0x12, 0x05, 0x00, 0x00,
  0x41, 0x00, 0x06, 0x00, 0x5b, 0x00, 0x00, 0x00, 0x2c, 0x05, 0x00, 0x00, 0x58, 0x00, 0x00, 0x00,
  0x77, 0x00, 0x00, 0x00, 0x46, 0x00, 0x00, 0x00, 0x3d, 0x00, 0x04, 0x00, 0x09, 0x00, 0x00, 0x00,
  0x2d, 0x05, 0x00, 0x00, 0x2c, 0x05, 0x00, 0x00, 0xf9, 0x00, 0x02, 0x00, 0x37, 0x05, 0x00, 0x00,
  0xf8, 0x00, 0x02, 0x00, 0x37, 0x05, 0x00, 0x00, 0xf7, 0x00, 0x03, 0x00, 0x62, 0x05, 0x00, 0x00,
  0x00, 0x00, 0x00, 0x00, 0xfb, 0x00, 0x03, 0x00, 0xcb, 0x00, 0x00, 0x00, 0x3d, 0x05, 0x00, 0x00,
  0xf8, 0x00, 0x02, 0x00, 0x3d, 0x05, 0x00, 0x00, 0x41, 0x00, 0x06, 0x00, 0x5b, 0x00, 0x00, 0x00,
  0x57, 0x05, 0x00, 0x00, 0x58, 0x00, 0x00, 0x00, 0x77, 0x00, 0x00, 0x00, 0x7b, 0x07, 0x00, 0x00,
  0x3d, 0x00, 0x04, 0x00, 0x09, 0x00, 0x00, 0x00, 0x58, 0x05, 0x00, 0x00, 0x57, 0x05, 0x00, 0x00,
  0xf9, 0x00, 0x02, 0x00, 0x62, 0x05, 0x00, 0x00, 0xf8, 0x00, 0x02, 0x00, 0x62, 0x05, 0x00, 0x00,
  0xf7, 0x00, 0x03, 0x00, 0x8d, 0x05, 0x00, 0x00, 0x00, 0x00, 0x00, 0x00, 0xfb, 0x00, 0x03, 0x00,
  0xcb, 0x00, 0x00, 0x00, 0x68, 0x05, 0x00, 0x00, 0xf8, 0x00, 0x02, 0x00, 0x68, 0x05, 0x00, 0x00,
  0x41, 0x00, 0x06, 0x00, 0x5b, 0x00, 0x00, 0x00, 0x82, 0x05, 0x00, 0x00, 0x58, 0x00, 0x00, 0x00,
  0x77, 0x00, 0x00, 0x00, 0x60, 0x00, 0x00, 0x00, 0x3d, 0x00, 0x04, 0x00, 0x09, 0x00, 0x00, 0x00,
  0x83, 0x05, 0x00, 0x00, 0x82, 0x05, 0x00, 0x00, 0xf9, 0x00, 0x02, 0x00, 0x8d, 0x05, 0x00, 0x00,
  0xf8, 0x00, 0x02, 0x00, 0x8d, 0x05, 0x00, 0x00, 0xf7, 0x00, 0x03, 0x00, 0xb8, 0x05, 0x00, 0x00,
  0x00, 0x00, 0x00, 0x00, 0xfb, 0x00, 0x03, 0x00, 0xcb, 0x00, 0x00, 0x00, 0x93, 0x05, 0x00, 0x00,
  0xf8, 0x00, 0x02, 0x00, 0x93, 0x05, 0x00, 0x00, 0x41, 0x00, 0x06, 0x00, 0x5b, 0x00, 0x00, 0x00,
  0xad, 0x05, 0x00, 0x00, 0x58, 0x00, 0x00, 0x00, 0x77, 0x00, 0x00, 0x00, 0x7d, 0x07, 0x00, 0x00,
  0x3d, 0x00, 0x04, 0x00, 0x09, 0x00, 0x00, 0x00, 0xae, 0x05, 0x00, 0x00, 0xad, 0x05, 0x00, 0x00,
  0xf9, 0x00, 0x02, 0x00, 0xb8, 0x05, 0x00, 0x00, 0xf8, 0x00, 0x02, 0x00, 0xb8, 0x05, 0x00, 0x00,
  0xf7, 0x00, 0x03, 0x00, 0xe3, 0x05, 0x00, 0x00, 0x00, 0x00, 0x00, 0x00, 0xfb, 0x00, 0x03, 0x00,
  0xcb, 0x00, 0x00, 0x00, 0xbe, 0x05, 0x00, 0x00, 0xf8, 0x00, 0x02, 0x00, 0xbe, 0x05, 0x00, 0x00,
  0x41, 0x00, 0x06, 0x00, 0x5b, 0x00, 0x00, 0x00, 0xd8, 0x05, 0x00, 0x00, 0x58, 0x00, 0x00, 0x00,
  0x77, 0x00, 0x00, 0x00, 0x7f, 0x07, 0x00, 0x00, 0x3d, 0x00, 0x04, 0x00, 0x09, 0x00, 0x00, 0x00,
  0xd9, 0x05, 0x00, 0x00, 0xd8, 0x05, 0x00, 0x00, 0xf9, 0x00, 0x02, 0x00, 0xe3, 0x05, 0x00, 0x00,
  0xf8, 0x00, 0x02, 0x00, 0xe3, 0x05, 0x00, 0x00, 0xf7, 0x00, 0x03, 0x00, 0x0e, 0x06, 0x00, 0x00,
  0x00, 0x00, 0x00, 0x00, 0xfb, 0x00, 0x03, 0x00, 0xcb, 0x00, 0x00, 0x00, 0xe9, 0x05, 0x00, 0x00,
  0xf8, 0x00, 0x02, 0x00, 0xe9, 0x05, 0x00, 0x00, 0x41, 0x00, 0x06, 0x00, 0x5b, 0x00, 0x00, 0x00,
  0x03, 0x06, 0x00, 0x00, 0x58, 0x00, 0x00, 0x00, 0x77, 0x00, 0x00, 0x00, 0x81, 0x07, 0x00, 0x00,
  0x3d, 0x00, 0x04, 0x00, 0x09, 0x00, 0x00, 0x00, 0x04, 0x06, 0x00, 0x00, 0x03, 0x06, 0x00, 0x00,
  0xf9, 0x00, 0x02, 0x00, 0x0e, 0x06, 0x00, 0x00, 0xf8, 0x00, 0x02, 0x00, 0x0e, 0x06, 0x00, 0x00,
  0x51, 0x00, 0x05, 0x00, 0x06, 0x00, 0x00, 0x00, 0x30, 0x03, 0x00, 0x00, 0x04, 0x06, 0x00, 0x00,
  0x00, 0x00, 0x00, 0x00, 0x88, 0x00, 0x05, 0x00, 0x06, 0x00, 0x00, 0x00, 0x31, 0x03, 0x00, 0x00,
  0x0c, 0x01, 0x00, 0x00, 0x30, 0x03, 0x00, 0x00, 0x51, 0x00, 0x05, 0x00, 0x06, 0x00, 0x00, 0x00,
  0x34, 0x03, 0x00, 0x00, 0xd9, 0x05, 0x00, 0x00, 0x03, 0x00, 0x00, 0x00, 0x81, 0x00, 0x05, 0x00,
  0x06, 0x00, 0x00, 0x00, 0x37, 0x03, 0x00, 0x00, 0x34, 0x03, 0x00, 0x00, 0x0c, 0x03, 0x00, 0x00,
  0x88, 0x00, 0x05, 0x00, 0x06, 0x00, 0x00, 0x00, 0x38, 0x03, 0x00, 0x00, 0x0c, 0x01, 0x00, 0x00,
  0x37, 0x03, 0x00, 0x00, 0x51, 0x00, 0x05, 0x00, 0x06, 0x00, 0x00, 0x00, 0x3b, 0x03, 0x00, 0x00,
  0x83, 0x05, 0x00, 0x00, 0x03, 0x00, 0x00, 0x00, 0x81, 0x00, 0x05, 0x00, 0x06, 0x00, 0x00, 0x00,
  0x3e, 0x03, 0x00, 0x00, 0x3b, 0x03, 0x00, 0x00, 0x0c, 0x03, 0x00, 0x00, 0x88, 0x00, 0x05, 0x00,
  0x06, 0x00, 0x00, 0x00, 0x3f, 0x03, 0x00, 0x00, 0x0c, 0x01, 0x00, 0x00, 0x3e, 0x03, 0x00, 0x00,
  0x51, 0x00, 0x05, 0x00, 0x06, 0x00, 0x00, 0x00, 0x42, 0x03, 0x00, 0x00, 0x2d, 0x05, 0x00, 0x00,
  0x03, 0x00, 0x00, 0x00, 0x81, 0x00, 0x05, 0x00, 0x06, 0x00, 0x00, 0x00, 0x45, 0x03, 0x00, 0x00,
  0x42, 0x03, 0x00, 0x00, 0x0c, 0x03, 0x00, 0x00, 0x88, 0x00, 0x05, 0x00, 0x06, 0x00, 0x00, 0x00,
  0x46, 0x03, 0x00, 0x00, 0x0c, 0x01, 0x00, 0x00, 0x45, 0x03, 0x00, 0x00, 0x50, 0x00, 0x07, 0x00,
  0x09, 0x00, 0x00, 0x00, 0x83, 0x07, 0x00, 0x00, 0x31, 0x03, 0x00, 0x00, 0x38, 0x03, 0x00, 0x00,
  0x3f, 0x03, 0x00, 0x00, 0x46, 0x03, 0x00, 0x00, 0x4f, 0x00, 0x07, 0x00, 0x07, 0x00, 0x00, 0x00,
  0x49, 0x03, 0x00, 0x00, 0x1d, 0x03, 0x00, 0x00, 0x1d, 0x03, 0x00, 0x00, 0x03, 0x00, 0x00, 0x00,
  0x02, 0x00, 0x00, 0x00, 0x4f, 0x00, 0x07, 0x00, 0x07, 0x00, 0x00, 0x00, 0x4b, 0x03, 0x00, 0x00,
  0xcc, 0x06, 0x00, 0x00, 0xcc, 0x06, 0x00, 0x00, 0x03, 0x00, 0x00, 0x00, 0x02, 0x00, 0x00, 0x00,
  0x81, 0x00, 0x05, 0x00, 0x07, 0x00, 0x00, 0x00, 0x4c, 0x03, 0x00, 0x00, 0x49, 0x03, 0x00, 0x00,
  0x4b, 0x03, 0x00, 0x00, 0x51, 0x00, 0x05, 0x00, 0x06, 0x00, 0x00, 0x00, 0x4e, 0x03, 0x00, 0x00,
  0x4c, 0x03, 0x00, 0x00, 0x00, 0x00, 0x00, 0x00, 0x52, 0x00, 0x06, 0x00, 0x09, 0x00, 0x00, 0x00,
  0xe1, 0x06, 0x00, 0x00, 0x4e, 0x03, 0x00, 0x00, 0x8f, 0x07, 0x00, 0x00, 0x00, 0x00, 0x00, 0x00,
  0x51, 0x00, 0x05, 0x00, 0x06, 0x00, 0x00, 0x00, 0x50, 0x03, 0x00, 0x00, 0x4c, 0x03, 0x00, 0x00,
  0x01, 0x00, 0x00, 0x00, 0x52, 0x00, 0x06, 0x00, 0x09, 0x00, 0x00, 0x00, 0xe3, 0x06, 0x00, 0x00,
  0x50, 0x03, 0x00, 0x00, 0xe1, 0x06, 0x00, 0x00, 0x01, 0x00, 0x00, 0x00, 0x4f, 0x00, 0x07, 0x00,
  0x07, 0x00, 0x00, 0x00, 0x52, 0x03, 0x00, 0x00, 0xe3, 0x06, 0x00, 0x00, 0xe3, 0x06, 0x00, 0x00,
  0x01, 0x00, 0x00, 0x00, 0x00, 0x00, 0x00, 0x00, 0x85, 0x00, 0x05, 0x00, 0x07, 0x00, 0x00, 0x00,
  0x55, 0x03, 0x00, 0x00, 0x52, 0x03, 0x00, 0x00, 0x52, 0x03, 0x00, 0x00, 0x51, 0x00, 0x05, 0x00,
  0x06, 0x00, 0x00, 0x00, 0x57, 0x03, 0x00, 0x00, 0x55, 0x03, 0x00, 0x00, 0x00, 0x00, 0x00, 0x00,
  0x51, 0x00, 0x05, 0x00, 0x06, 0x00, 0x00, 0x00, 0x59, 0x03, 0x00, 0x00, 0x55, 0x03, 0x00, 0x00,
  0x01, 0x00, 0x00, 0x00, 0x52, 0x00, 0x06, 0x00, 0x09, 0x00, 0x00, 0x00, 0xe7, 0x06, 0x00, 0x00,
  0x59, 0x03, 0x00, 0x00, 0xd0, 0x06, 0x00, 0x00, 0x02, 0x00, 0x00, 0x00, 0x4f, 0x00, 0x07, 0x00,
  0x07, 0x00, 0x00, 0x00, 0x5b, 0x03, 0x00, 0x00, 0x9c, 0x04, 0x00, 0x00, 0x8c, 0x07, 0x00, 0x00,
  0x00, 0x00, 0x00, 0x00, 0x00, 0x00, 0x00, 0x00, 0x4f, 0x00, 0x07, 0x00, 0x07, 0x00, 0x00, 0x00,
  0x5d, 0x03, 0x00, 0x00, 0xe7, 0x06, 0x00, 0x00, 0xe7, 0x06, 0x00, 0x00, 0x00, 0x00, 0x00, 0x00,
  0x02, 0x00, 0x00, 0x00, 0x83, 0x00, 0x05, 0x00, 0x07, 0x00, 0x00, 0x00, 0x5e, 0x03, 0x00, 0x00,
  0x5b, 0x03, 0x00, 0x00, 0x5d, 0x03, 0x00, 0x00, 0x51, 0x00, 0x05, 0x00, 0x06, 0x00, 0x00, 0x00,
  0x62, 0x03, 0x00, 0x00, 0x5e, 0x03, 0x00, 0x00, 0x01, 0x00, 0x00, 0x00, 0x83, 0x00, 0x05, 0x00,
  0x06, 0x00, 0x00, 0x00, 0x67, 0x03, 0x00, 0x00, 0x62, 0x03, 0x00, 0x00, 0x57, 0x03, 0x00, 0x00,
  0x7f, 0x00, 0x04, 0x00, 0x06, 0x00, 0x00, 0x00, 0x6b, 0x03, 0x00, 0x00, 0x4e, 0x03, 0x00, 0x00,
  0x4f, 0x00, 0x08, 0x00, 0x1c, 0x00, 0x00, 0x00, 0x6d, 0x03, 0x00, 0x00, 0x83, 0x02, 0x00, 0x00,
  0x83, 0x02, 0x00, 0x00, 0x00, 0x00, 0x00, 0x00, 0x01, 0x00, 0x00, 0x00, 0x02, 0x00, 0x00, 0x00,
  0x8e, 0x00, 0x05, 0x00, 0x1c, 0x00, 0x00, 0x00, 0x6e, 0x03, 0x00, 0x00, 0x6d, 0x03, 0x00, 0x00,
  0x6b, 0x03, 0x00, 0x00, 0x51, 0x00, 0x05, 0x00, 0x06, 0x00, 0x00, 0x00, 0x70, 0x03, 0x00, 0x00,
  0x6e, 0x03, 0x00, 0x00, 0x00, 0x00, 0x00, 0x00, 0x52, 0x00, 0x06, 0x00, 0x09, 0x00, 0x00, 0x00,
  0xf2, 0x06, 0x00, 0x00, 0x70, 0x03, 0x00, 0x00, 0x8f, 0x07, 0x00, 0x00, 0x00, 0x00, 0x00, 0x00,
  0x51, 0x00, 0x05, 0x00, 0x06, 0x00, 0x00, 0x00, 0x72, 0x03, 0x00, 0x00, 0x6e, 0x03, 0x00, 0x00,
  0x01, 0x00, 0x00, 0x00, 0x52, 0x00, 0x06, 0x00, 0x09, 0x00, 0x00, 0x00, 0xf4, 0x06, 0x00, 0x00,
  0x72, 0x03, 0x00, 0x00, 0xf2, 0x06, 0x00, 0x00, 0x01, 0x00, 0x00, 0x00, 0x51, 0x00, 0x05, 0x00,
  0x06, 0x00, 0x00, 0x00, 0x74, 0x03, 0x00, 0x00, 0x6e, 0x03, 0x00, 0x00, 0x02, 0x00, 0x00, 0x00,
  0x52, 0x00, 0x06, 0x00, 0x09, 0x00, 0x00, 0x00, 0xf6, 0x06, 0x00, 0x00, 0x74, 0x03, 0x00, 0x00,
  0xf4, 0x06, 0x00, 0x00, 0x02, 0x00, 0x00, 0x00, 0x0c, 0x00, 0x06, 0x00, 0x06, 0x00, 0x00, 0x00,
  0x77, 0x03, 0x00, 0x00, 0x01, 0x00, 0x00, 0x00, 0x04, 0x00, 0x00, 0x00, 0x67, 0x03, 0x00, 0x00,
  0x0c, 0x00, 0x06, 0x00, 0x06, 0x00, 0x00, 0x00, 0x78, 0x03, 0x00, 0x00, 0x01, 0x00, 0x00, 0x00,
  0x1f, 0x00, 0x00, 0x00, 0x77, 0x03, 0x00, 0x00, 0x4f, 0x00, 0x08, 0x00, 0x1c, 0x00, 0x00, 0x00,
  0x7d, 0x03, 0x00, 0x00, 0x80, 0x02, 0x00, 0x00, 0x80, 0x02, 0x00, 0x00, 0x02, 0x00, 0x00, 0x00,
  0x00, 0x00, 0x00, 0x00, 0x01, 0x00, 0x00, 0x00, 0x8e, 0x00, 0x05, 0x00, 0x1c, 0x00, 0x00, 0x00,
  0x7e, 0x03, 0x00, 0x00, 0x7d, 0x03, 0x00, 0x00, 0x78, 0x03, 0x00, 0x00, 0x4f, 0x00, 0x08, 0x00,
  0x1c, 0x00, 0x00, 0x00, 0x80, 0x03, 0x00, 0x00, 0xf6, 0x06, 0x00, 0x00, 0xf6, 0x06, 0x00, 0x00,
  0x02, 0x00, 0x00, 0x00, 0x00, 0x00, 0x00, 0x00, 0x01, 0x00, 0x00, 0x00, 0x81, 0x00, 0x05, 0x00,
  0x1c, 0x00, 0x00, 0x00, 0x81, 0x03, 0x00, 0x00, 0x7e, 0x03, 0x00, 0x00, 0x80, 0x03, 0x00, 0x00,
  0x51, 0x00, 0x05, 0x00, 0x06, 0x00, 0x00, 0x00, 0x83, 0x03, 0x00, 0x00, 0x81, 0x03, 0x00, 0x00,
  0x00, 0x00, 0x00, 0x00, 0x52, 0x00, 0x06, 0x00, 0x09, 0x00, 0x00, 0x00, 0xfc, 0x06, 0x00, 0x00,
  0x83, 0x03, 0x00, 0x00, 0x8f, 0x07, 0x00, 0x00, 0x00, 0x00, 0x00, 0x00, 0x51, 0x00, 0x05, 0x00,
  0x06, 0x00, 0x00, 0x00, 0x85, 0x03, 0x00, 0x00, 0x81, 0x03, 0x00, 0x00, 0x01, 0x00, 0x00, 0x00,
  0x52, 0x00, 0x06, 0x00, 0x09, 0x00, 0x00, 0x00, 0xfe, 0x06, 0x00, 0x00, 0x85, 0x03, 0x00, 0x00,
  0xfc, 0x06, 0x00, 0x00, 0x01, 0x00, 0x00, 0x00, 0x51, 0x00, 0x05, 0x00, 0x06, 0x00, 0x00, 0x00,
  0x87, 0x03, 0x00, 0x00, 0x81, 0x03, 0x00, 0x00, 0x02, 0x00, 0x00, 0x00, 0x52, 0x00, 0x06, 0x00,
  0x09, 0x00, 0x00, 0x00, 0x00, 0x07, 0x00, 0x00, 0x87, 0x03, 0x00, 0x00, 0xfe, 0x06, 0x00, 0x00,
  0x02, 0x00, 0x00, 0x00, 0x7f, 0x00, 0x04, 0x00, 0x06, 0x00, 0x00, 0x00, 0x8a, 0x03, 0x00, 0x00,
  0x50, 0x03, 0x00, 0x00, 0x4f, 0x00, 0x08, 0x00, 0x1c, 0x00, 0x00, 0x00, 0x8c, 0x03, 0x00, 0x00,
  0x86, 0x02, 0x00, 0x00, 0x86, 0x02, 0x00, 0x00, 0x00, 0x00, 0x00, 0x00, 0x02, 0x00, 0x00, 0x00,
  0x01, 0x00, 0x00, 0x00, 0x8e, 0x00, 0x05, 0x00, 0x1c, 0x00, 0x00, 0x00, 0x8d, 0x03, 0x00, 0x00,
  0x8c, 0x03, 0x00, 0x00, 0x8a, 0x03, 0x00, 0x00, 0x4f, 0x00, 0x08, 0x00, 0x1c, 0x00, 0x00, 0x00,
  0x8f, 0x03, 0x00, 0x00, 0x00, 0x07, 0x00, 0x00, 0x00, 0x07, 0x00, 0x00, 0x01, 0x00, 0x00, 0x00,
  0x00, 0x00, 0x00, 0x00, 0x02, 0x00, 0x00, 0x00, 0x81, 0x00, 0x05, 0x00, 0x1c, 0x00, 0x00, 0x00,
  0x90, 0x03, 0x00, 0x00, 0x8d, 0x03, 0x00, 0x00, 0x8f, 0x03, 0x00, 0x00, 0x51, 0x00, 0x05, 0x00,
  0x06, 0x00, 0x00, 0x00, 0x92, 0x03, 0x00, 0x00, 0x90, 0x03, 0x00, 0x00, 0x00, 0x00, 0x00, 0x00,
  0x52, 0x00, 0x06, 0x00, 0x09, 0x00, 0x00, 0x00, 0x03, 0x07, 0x00, 0x00, 0x92, 0x03, 0x00, 0x00,
  0x8f, 0x07, 0x00, 0x00, 0x00, 0x00, 0x00, 0x00, 0x51, 0x00, 0x05, 0x00, 0x06, 0x00, 0x00, 0x00,
  0x94, 0x03, 0x00, 0x00, 0x90, 0x03, 0x00, 0x00, 0x01, 0x00, 0x00, 0x00, 0x52, 0x00, 0x06, 0x00,
  0x09, 0x00, 0x00, 0x00, 0x05, 0x07, 0x00, 0x00, 0x94, 0x03, 0x00, 0x00, 0x03, 0x07, 0x00, 0x00,
  0x01, 0x00, 0x00, 0x00, 0x51, 0x00, 0x05, 0x00, 0x06, 0x00, 0x00, 0x00, 0x96, 0x03, 0x00, 0x00,
  0x90, 0x03, 0x00, 0x00, 0x02, 0x00, 0x00, 0x00, 0x52, 0x00, 0x06, 0x00, 0x09, 0x00, 0x00, 0x00,
  0x07, 0x07, 0x00, 0x00, 0x96, 0x03, 0x00, 0x00, 0x05, 0x07, 0x00, 0x00, 0x02, 0x00, 0x00, 0x00,
  0x4f, 0x00, 0x08, 0x00, 0x1c, 0x00, 0x00, 0x00, 0x98, 0x03, 0x00, 0x00, 0x07, 0x07, 0x00, 0x00,
  0x07, 0x07, 0x00, 0x00, 0x00, 0x00, 0x00, 0x00, 0x02, 0x00, 0x00, 0x00, 0x01, 0x00, 0x00, 0x00,
  0x94, 0x00, 0x05, 0x00, 0x06, 0x00, 0x00, 0x00, 0x9b, 0x03, 0x00, 0x00, 0x98, 0x03, 0x00, 0x00,
  0x98, 0x03, 0x00, 0x00, 0x0c, 0x00, 0x06, 0x00, 0x06, 0x00, 0x00, 0x00, 0x9c, 0x03, 0x00, 0x00,
  0x01, 0x00, 0x00, 0x00, 0x04, 0x00, 0x00, 0x00, 0x9b, 0x03, 0x00, 0x00, 0x0c, 0x00, 0x06, 0x00,
  0x06, 0x00, 0x00, 0x00, 0x9d, 0x03, 0x00, 0x00, 0x01, 0x00, 0x00, 0x00, 0x20, 0x00, 0x00, 0x00,
  0x9c, 0x03, 0x00, 0x00, 0x52, 0x00, 0x06, 0x00, 0x09, 0x00, 0x00, 0x00, 0x09, 0x07, 0x00, 0x00,
  0x9d, 0x03, 0x00, 0x00, 0x8f, 0x07, 0x00, 0x00, 0x03, 0x00, 0x00, 0x00, 0x51, 0x00, 0x05, 0x00,
  0x06, 0x00, 0x00, 0x00, 0xa2, 0x03, 0x00, 0x00, 0x7d, 0x02, 0x00, 0x00, 0x01, 0x00, 0x00, 0x00,
  0x83, 0x00, 0x05, 0x00, 0x06, 0x00, 0x00, 0x00, 0xa3, 0x03, 0x00, 0x00, 0x30, 0x03, 0x00, 0x00,
  0xa2, 0x03, 0x00, 0x00, 0x4f, 0x00, 0x08, 0x00, 0x1c, 0x00, 0x00, 0x00, 0xa6, 0x03, 0x00, 0x00,
  0x07, 0x07, 0x00, 0x00, 0x07, 0x07, 0x00, 0x00, 0x02, 0x00, 0x00, 0x00, 0x01, 0x00, 0x00, 0x00,
  0x00, 0x00, 0x00, 0x00, 0x4f, 0x00, 0x08, 0x00, 0x1c, 0x00, 0x00, 0x00, 0xa8, 0x03, 0x00, 0x00,
  0x09, 0x07, 0x00, 0x00, 0x09, 0x07, 0x00, 0x00, 0x03, 0x00, 0x00, 0x00, 0x03, 0x00, 0x00, 0x00,
  0x03, 0x00, 0x00, 0x00, 0x85, 0x00, 0x05, 0x00, 0x1c, 0x00, 0x00, 0x00, 0xa9, 0x03, 0x00, 0x00,
  0xa6, 0x03, 0x00, 0x00, 0xa8, 0x03, 0x00, 0x00, 0x51, 0x00, 0x05, 0x00, 0x06, 0x00, 0x00, 0x00,
  0xab, 0x03, 0x00, 0x00, 0xa9, 0x03, 0x00, 0x00, 0x00, 0x00, 0x00, 0x00, 0x51, 0x00, 0x05, 0x00,
  0x06, 0x00, 0x00, 0x00, 0xad, 0x03, 0x00, 0x00, 0xa9, 0x03, 0x00, 0x00, 0x01, 0x00, 0x00, 0x00,
  0x51, 0x00, 0x05, 0x00, 0x06, 0x00, 0x00, 0x00, 0xaf, 0x03, 0x00, 0x00, 0xa9, 0x03, 0x00, 0x00,
  0x02, 0x00, 0x00, 0x00, 0x83, 0x00, 0x05, 0x00, 0x06, 0x00, 0x00, 0x00, 0xb4, 0x03, 0x00, 0x00,
  0x34, 0x03, 0x00, 0x00, 0xad, 0x03, 0x00, 0x00, 0x83, 0x00, 0x05, 0x00, 0x06, 0x00, 0x00, 0x00,
  0xba, 0x03, 0x00, 0x00, 0x42, 0x03, 0x00, 0x00, 0xaf, 0x03, 0x00, 0x00, 0x83, 0x00, 0x05, 0x00,
  0x06, 0x00, 0x00, 0x00, 0xc0, 0x03, 0x00, 0x00, 0x3b, 0x03, 0x00, 0x00, 0xab, 0x03, 0x00, 0x00,
  0x50, 0x00, 0x07, 0x00, 0x09, 0x00, 0x00, 0x00, 0x85, 0x07, 0x00, 0x00, 0xa3, 0x03, 0x00, 0x00,
  0xb4, 0x03, 0x00, 0x00, 0xc0, 0x03, 0x00, 0x00, 0xba, 0x03, 0x00, 0x00, 0x51, 0x00, 0x05, 0x00,
  0x06, 0x00, 0x00, 0x00, 0xc3, 0x03, 0x00, 0x00, 0xae, 0x05, 0x00, 0x00, 0x03, 0x00, 0x00, 0x00,
  0x81, 0x00, 0x05, 0x00, 0x06, 0x00, 0x00, 0x00, 0xc6, 0x03, 0x00, 0x00, 0xc3, 0x03, 0x00, 0x00,
  0x0c, 0x03, 0x00, 0x00, 0x88, 0x00, 0x05, 0x00, 0x06, 0x00, 0x00, 0x00, 0xc7, 0x03, 0x00, 0x00,
  0x0c, 0x01, 0x00, 0x00, 0xc6, 0x03, 0x00, 0x00, 0x51, 0x00, 0x05, 0x00, 0x06, 0x00, 0x00, 0x00,
  0xca, 0x03, 0x00, 0x00, 0x58, 0x05, 0x00, 0x00, 0x03, 0x00, 0x00, 0x00, 0x81, 0x00, 0x05, 0x00,
  0x06, 0x00, 0x00, 0x00, 0xcd, 0x03, 0x00, 0x00, 0xca, 0x03, 0x00, 0x00, 0x0c, 0x03, 0x00, 0x00,
  0x88, 0x00, 0x05, 0x00, 0x06, 0x00, 0x00, 0x00, 0xce, 0x03, 0x00, 0x00, 0x0c, 0x01, 0x00, 0x00,
  0xcd, 0x03, 0x00, 0x00, 0x51, 0x00, 0x05, 0x00, 0x06, 0x00, 0x00, 0x00, 0xd1, 0x03, 0x00, 0x00,
  0x02, 0x05, 0x00, 0x00, 0x03, 0x00, 0x00, 0x00, 0x81, 0x00, 0x05, 0x00, 0x06, 0x00, 0x00, 0x00,
  0xd4, 0x03, 0x00, 0x00, 0xd1, 0x03, 0x00, 0x00, 0x0c, 0x03, 0x00, 0x00, 0x88, 0x00, 0x05, 0x00,
  0x06, 0x00, 0x00, 0x00, 0xd5, 0x03, 0x00, 0x00, 0x0c, 0x01, 0x00, 0x00, 0xd4, 0x03, 0x00, 0x00,
  0x81, 0x00, 0x05, 0x00, 0x06, 0x00, 0x00, 0x00, 0xdb, 0x03, 0x00, 0x00, 0xc3, 0x03, 0x00, 0x00,
  0xad, 0x03, 0x00, 0x00, 0x81, 0x00, 0x05, 0x00, 0x06, 0x00, 0x00, 0x00, 0xe1, 0x03, 0x00, 0x00,
  0xca, 0x03, 0x00, 0x00, 0xab, 0x03, 0x00, 0x00, 0x81, 0x00, 0x05, 0x00, 0x06, 0x00, 0x00, 0x00,
  0xe7, 0x03, 0x00, 0x00, 0xaf, 0x03, 0x00, 0x00, 0xd1, 0x03, 0x00, 0x00, 0x50, 0x00, 0x07, 0x00,
  0x09, 0x00, 0x00, 0x00, 0x8d, 0x07, 0x00, 0x00, 0xdb, 0x03, 0x00, 0x00, 0xe1, 0x03, 0x00, 0x00,
  0xe7, 0x03, 0x00, 0x00, 0xf9, 0x02, 0x00, 0x00, 0xf9, 0x00, 0x02, 0x00, 0x39, 0x06, 0x00, 0x00,
  0xf8, 0x00, 0x02, 0x00, 0x39, 0x06, 0x00, 0x00, 0x50, 0x00, 0x07, 0x00, 0x09, 0x00, 0x00, 0x00,
  0x8e, 0x07, 0x00, 0x00, 0xc7, 0x03, 0x00, 0x00, 0xce, 0x03, 0x00, 0x00, 0x90, 0x07, 0x00, 0x00,
  0xd5, 0x03, 0x00, 0x00, 0x4f, 0x00, 0x08, 0x00, 0x1c, 0x00, 0x00, 0x00, 0xf3, 0x03, 0x00, 0x00,
  0x8d, 0x07, 0x00, 0x00, 0x8d, 0x07, 0x00, 0x00, 0x00, 0x00, 0x00, 0x00, 0x01, 0x00, 0x00, 0x00,
  0x02, 0x00, 0x00, 0x00, 0x4f, 0x00, 0x08, 0x00, 0x1c, 0x00, 0x00, 0x00, 0xf5, 0x03, 0x00, 0x00,
  0x8e, 0x07, 0x00, 0x00, 0x8e, 0x07, 0x00, 0x00, 0x00, 0x00, 0x00, 0x00, 0x01, 0x00, 0x00, 0x00,
  0x03, 0x00, 0x00, 0x00, 0x85, 0x00, 0x05, 0x00, 0x1c, 0x00, 0x00, 0x00, 0xf6, 0x03, 0x00, 0x00,
  0xf3, 0x03, 0x00, 0x00, 0xf5, 0x03, 0x00, 0x00, 0x0c, 0x00, 0x08, 0x00, 0x1c, 0x00, 0x00, 0x00,
  0xf9, 0x03, 0x00, 0x00, 0x01, 0x00, 0x00, 0x00, 0x2b, 0x00, 0x00, 0x00, 0xf6, 0x03, 0x00, 0x00,
  0x67, 0x02, 0x00, 0x00, 0x88, 0x07, 0x00, 0x00, 0x51, 0x00, 0x05, 0x00, 0x06, 0x00, 0x00, 0x00,
  0xfb, 0x03, 0x00, 0x00, 0xf9, 0x03, 0x00, 0x00, 0x00, 0x00, 0x00, 0x00, 0x52, 0x00, 0x06, 0x00,
  0x09, 0x00, 0x00, 0x00, 0x3d, 0x07, 0x00, 0x00, 0xfb, 0x03, 0x00, 0x00, 0x8f, 0x07, 0x00, 0x00,
  0x00, 0x00, 0x00, 0x00, 0x51, 0x00, 0x05, 0x00, 0x06, 0x00, 0x00, 0x00, 0xfd, 0x03, 0x00, 0x00,
  0xf9, 0x03, 0x00, 0x00, 0x01, 0x00, 0x00, 0x00, 0x52, 0x00, 0x06, 0x00, 0x09, 0x00, 0x00, 0x00,
  0x3f, 0x07, 0x00, 0x00, 0xfd, 0x03, 0x00, 0x00, 0x3d, 0x07, 0x00, 0x00, 0x01, 0x00, 0x00, 0x00,
  0x51, 0x00, 0x05, 0x00, 0x06, 0x00, 0x00, 0x00, 0xff, 0x03, 0x00, 0x00, 0xf9, 0x03, 0x00, 0x00,
  0x02, 0x00, 0x00, 0x00, 0x52, 0x00, 0x06, 0x00, 0x09, 0x00, 0x00, 0x00, 0x41, 0x07, 0x00, 0x00,
  0xff, 0x03, 0x00, 0x00, 0x3f, 0x07, 0x00, 0x00, 0x02, 0x00, 0x00, 0x00, 0x85, 0x00, 0x05, 0x00,
  0x09, 0x00, 0x00, 0x00, 0x02, 0x04, 0x00, 0x00, 0x85, 0x07, 0x00, 0x00, 0x83, 0x07, 0x00, 0x00,
  0x0c, 0x00, 0x08, 0x00, 0x09, 0x00, 0x00, 0x00, 0x05, 0x04, 0x00, 0x00, 0x01, 0x00, 0x00, 0x00,
  0x2b, 0x00, 0x00, 0x00, 0x02, 0x04, 0x00, 0x00, 0xaf, 0x00, 0x00, 0x00, 0x89, 0x07, 0x00, 0x00,
  0x51, 0x00, 0x05, 0x00, 0x06, 0x00, 0x00, 0x00, 0x07, 0x04, 0x00, 0x00, 0x05, 0x04, 0x00, 0x00,
  0x00, 0x00, 0x00, 0x00, 0x51, 0x00, 0x05, 0x00, 0x06, 0x00, 0x00, 0x00, 0x09, 0x04, 0x00, 0x00,
  0x04, 0x06, 0x00, 0x00, 0x01, 0x00, 0x00, 0x00, 0x0c, 0x00, 0x07, 0x00, 0x06, 0x00, 0x00, 0x00,
  0x0a, 0x04, 0x00, 0x00, 0x01, 0x00, 0x00, 0x00, 0x28, 0x00, 0x00, 0x00, 0x07, 0x04, 0x00, 0x00,
  0x09, 0x04, 0x00, 0x00, 0x52, 0x00, 0x06, 0x00, 0x09, 0x00, 0x00, 0x00, 0x45, 0x07, 0x00, 0x00,
  0x0a, 0x04, 0x00, 0x00, 0x8f, 0x07, 0x00, 0x00, 0x03, 0x00, 0x00, 0x00, 0x4f, 0x00, 0x08, 0x00,
  0x1c, 0x00, 0x00, 0x00, 0x0d, 0x04, 0x00, 0x00, 0x05, 0x04, 0x00, 0x00, 0x05, 0x04, 0x00, 0x00,
  0x02, 0x00, 0x00, 0x00, 0x02, 0x00, 0x00, 0x00, 0x02, 0x00, 0x00, 0x00, 0x4f, 0x00, 0x08, 0x00,
  0x1c, 0x00, 0x00, 0x00, 0x0f, 0x04, 0x00, 0x00, 0x83, 0x05, 0x00, 0x00, 0x83, 0x05, 0x00, 0x00,
  0x00, 0x00, 0x00, 0x00, 0x01, 0x00, 0x00, 0x00, 0x02, 0x00, 0x00, 0x00, 0x85, 0x00, 0x05, 0x00,
  0x1c, 0x00, 0x00, 0x00, 0x10, 0x04, 0x00, 0x00, 0x0d, 0x04, 0x00, 0x00, 0x0f, 0x04, 0x00, 0x00,
  0x51, 0x00, 0x05, 0x00, 0x06, 0x00, 0x00, 0x00, 0x12, 0x04, 0x00, 0x00, 0x10, 0x04, 0x00, 0x00,
  0x00, 0x00, 0x00, 0x00, 0x52, 0x00, 0x06, 0x00, 0x09, 0x00, 0x00, 0x00, 0x47, 0x07, 0x00, 0x00,
  0x12, 0x04, 0x00, 0x00, 0x8f, 0x07, 0x00, 0x00, 0x00, 0x00, 0x00, 0x00, 0x51, 0x00, 0x05, 0x00,
  0x06, 0x00, 0x00, 0x00, 0x14, 0x04, 0x00, 0x00, 0x10, 0x04, 0x00, 0x00, 0x01, 0x00, 0x00, 0x00,
  0x52, 0x00, 0x06, 0x00, 0x09, 0x00, 0x00, 0x00, 0x49, 0x07, 0x00, 0x00, 0x14, 0x04, 0x00, 0x00,
  0x47, 0x07, 0x00, 0x00, 0x01, 0x00, 0x00, 0x00, 0x51, 0x00, 0x05, 0x00, 0x06, 0x00, 0x00, 0x00,
  0x16, 0x04, 0x00, 0x00, 0x10, 0x04, 0x00, 0x00, 0x02, 0x00, 0x00, 0x00, 0x52, 0x00, 0x06, 0x00,
  0x09, 0x00, 0x00, 0x00, 0x4b, 0x07, 0x00, 0x00, 0x16, 0x04, 0x00, 0x00, 0x49, 0x07, 0x00, 0x00,
  0x02, 0x00, 0x00, 0x00, 0x4f, 0x00, 0x08, 0x00, 0x1c, 0x00, 0x00, 0x00, 0x18, 0x04, 0x00, 0x00,
  0x41, 0x07, 0x00, 0x00, 0x41, 0x07, 0x00, 0x00, 0x01, 0x00, 0x00, 0x00, 0x01, 0x00, 0x00, 0x00,
  0x01, 0x00, 0x00, 0x00, 0x4f, 0x00, 0x08, 0x00, 0x1c, 0x00, 0x00, 0x00, 0x1a, 0x04, 0x00, 0x00,
  0x58, 0x05, 0x00, 0x00, 0x58, 0x05, 0x00, 0x00, 0x00, 0x00, 0x00, 0x00, 0x01, 0x00, 0x00, 0x00,
  0x02, 0x00, 0x00, 0x00, 0x85, 0x00, 0x05, 0x00, 0x1c, 0x00, 0x00, 0x00, 0x1b, 0x04, 0x00, 0x00,
  0x18, 0x04, 0x00, 0x00, 0x1a, 0x04, 0x00, 0x00, 0x51, 0x00, 0x05, 0x00, 0x06, 0x00, 0x00, 0x00,
  0x1d, 0x04, 0x00, 0x00, 0x1b, 0x04, 0x00, 0x00, 0x00, 0x00, 0x00, 0x00, 0x52, 0x00, 0x06, 0x00,
  0x09, 0x00, 0x00, 0x00, 0x4d, 0x07, 0x00, 0x00, 0x1d, 0x04, 0x00, 0x00, 0x8f, 0x07, 0x00, 0x00,
  0x00, 0x00, 0x00, 0x00, 0x51, 0x00, 0x05, 0x00, 0x06, 0x00, 0x00, 0x00, 0x1f, 0x04, 0x00, 0x00,
  0x1b, 0x04, 0x00, 0x00, 0x01, 0x00, 0x00, 0x00, 0x52, 0x00, 0x06, 0x00, 0x09, 0x00, 0x00, 0x00,
  0x4f, 0x07, 0x00, 0x00, 0x1f, 0x04, 0x00, 0x00, 0x4d, 0x07, 0x00, 0x00, 0x01, 0x00, 0x00, 0x00,
  0x51, 0x00, 0x05, 0x00, 0x06, 0x00, 0x00, 0x00, 0x21, 0x04, 0x00, 0x00, 0x1b, 0x04, 0x00, 0x00,
  0x02, 0x00, 0x00, 0x00, 0x52, 0x00, 0x06, 0x00, 0x09, 0x00, 0x00, 0x00, 0x51, 0x07, 0x00, 0x00,
  0x21, 0x04, 0x00, 0x00, 0x4f, 0x07, 0x00, 0x00, 0x03, 0x00, 0x00, 0x00, 0x4f, 0x00, 0x08, 0x00,
  0x1c, 0x00, 0x00, 0x00, 0x23, 0x04, 0x00, 0x00, 0x41, 0x07, 0x00, 0x00, 0x41, 0x07, 0x00, 0x00,
  0x02, 0x00, 0x00, 0x00, 0x02, 0x00, 0x00, 0x00, 0x02, 0x00, 0x00, 0x00, 0x4f, 0x00, 0x08, 0x00,
  0x1c, 0x00, 0x00, 0x00, 0x25, 0x04, 0x00, 0x00, 0x02, 0x05, 0x00, 0x00, 0x02, 0x05, 0x00, 0x00,
  0x00, 0x00, 0x00, 0x00, 0x01, 0x00, 0x00, 0x00, 0x02, 0x00, 0x00, 0x00, 0x85, 0x00, 0x05, 0x00,
  0x1c, 0x00, 0x00, 0x00, 0x26, 0x04, 0x00, 0x00, 0x23, 0x04, 0x00, 0x00, 0x25, 0x04, 0x00, 0x00,
  0x4f, 0x00, 0x08, 0x00, 0x1c, 0x00, 0x00, 0x00, 0x28, 0x04, 0x00, 0x00, 0x51, 0x07, 0x00, 0x00,
  0x51, 0x07, 0x00, 0x00, 0x00, 0x00, 0x00, 0x00, 0x01, 0x00, 0x00, 0x00, 0x03, 0x00, 0x00, 0x00,
  0x81, 0x00, 0x05, 0x00, 0x1c, 0x00, 0x00, 0x00, 0x29, 0x04, 0x00, 0x00, 0x26, 0x04, 0x00, 0x00,
  0x28, 0x04, 0x00, 0x00, 0x51, 0x00, 0x05, 0x00, 0x06, 0x00, 0x00, 0x00, 0x2b, 0x04, 0x00, 0x00,
  0x29, 0x04, 0x00, 0x00, 0x00, 0x00, 0x00, 0x00, 0x52, 0x00, 0x06, 0x00, 0x09, 0x00, 0x00, 0x00,
  0x53, 0x07, 0x00, 0x00, 0x2b, 0x04, 0x00, 0x00, 0x8f, 0x07, 0x00, 0x00, 0x00, 0x00, 0x00, 0x00,
  0x51, 0x00, 0x05, 0x00, 0x06, 0x00, 0x00, 0x00, 0x2d, 0x04, 0x00, 0x00, 0x29, 0x04, 0x00, 0x00,
  0x01, 0x00, 0x00, 0x00, 0x52, 0x00, 0x06, 0x00, 0x09, 0x00, 0x00, 0x00, 0x55, 0x07, 0x00, 0x00,
  0x2d, 0x04, 0x00, 0x00, 0x53, 0x07, 0x00, 0x00, 0x01, 0x00, 0x00, 0x00, 0x51, 0x00, 0x05, 0x00,
  0x06, 0x00, 0x00, 0x00, 0x2f, 0x04, 0x00, 0x00, 0x29, 0x04, 0x00, 0x00, 0x02, 0x00, 0x00, 0x00,
  0x52, 0x00, 0x06, 0x00, 0x09, 0x00, 0x00, 0x00, 0x57, 0x07, 0x00, 0x00, 0x2f, 0x04, 0x00, 0x00,
  0x55, 0x07, 0x00, 0x00, 0x03, 0x00, 0x00, 0x00, 0x4f, 0x00, 0x08, 0x00, 0x1c, 0x00, 0x00, 0x00,
  0x31, 0x04, 0x00, 0x00, 0x41, 0x07, 0x00, 0x00, 0x41, 0x07, 0x00, 0x00, 0x00, 0x00, 0x00, 0x00,
  0x00, 0x00, 0x00, 0x00, 0x00, 0x00, 0x00, 0x00, 0x4f, 0x00, 0x08, 0x00, 0x1c, 0x00, 0x00, 0x00,
  0x33, 0x04, 0x00, 0x00, 0xae, 0x05, 0x00, 0x00, 0xae, 0x05, 0x00, 0x00, 0x00, 0x00, 0x00, 0x00,
  0x01, 0x00, 0x00, 0x00, 0x02, 0x00, 0x00, 0x00, 0x85, 0x00, 0x05, 0x00, 0x1c, 0x00, 0x00, 0x00,
  0x34, 0x04, 0x00, 0x00, 0x31, 0x04, 0x00, 0x00, 0x33, 0x04, 0x00, 0x00, 0x4f, 0x00, 0x08, 0x00,
  0x1c, 0x00, 0x00, 0x00, 0x36, 0x04, 0x00, 0x00, 0x57, 0x07, 0x00, 0x00, 0x57, 0x07, 0x00, 0x00,
  0x00, 0x00, 0x00, 0x00, 0x01, 0x00, 0x00, 0x00, 0x03, 0x00, 0x00, 0x00, 0x81, 0x00, 0x05, 0x00,
  0x1c, 0x00, 0x00, 0x00, 0x37, 0x04, 0x00, 0x00, 0x34, 0x04, 0x00, 0x00, 0x36, 0x04, 0x00, 0x00,
  0x51, 0x00, 0x05, 0x00, 0x06, 0x00, 0x00, 0x00, 0x39, 0x04, 0x00, 0x00, 0x37, 0x04, 0x00, 0x00,
  0x00, 0x00, 0x00, 0x00, 0x52, 0x00, 0x06, 0x00, 0x09, 0x00, 0x00, 0x00, 0x59, 0x07, 0x00, 0x00,
  0x39, 0x04, 0x00, 0x00, 0x8f, 0x07, 0x00, 0x00, 0x00, 0x00, 0x00, 0x00, 0x51, 0x00, 0x05, 0x00,
  0x06, 0x00, 0x00, 0x00, 0x3b, 0x04, 0x00, 0x00, 0x37, 0x04, 0x00, 0x00, 0x01, 0x00, 0x00, 0x00,
  0x52, 0x00, 0x06, 0x00, 0x09, 0x00, 0x00, 0x00, 0x5b, 0x07, 0x00, 0x00, 0x3b, 0x04, 0x00, 0x00,
  0x59, 0x07, 0x00, 0x00, 0x01, 0x00, 0x00, 0x00, 0x51, 0x00, 0x05, 0x00, 0x06, 0x00, 0x00, 0x00,
  0x3d, 0x04, 0x00, 0x00, 0x37, 0x04, 0x00, 0x00, 0x02, 0x00, 0x00, 0x00, 0x52, 0x00, 0x06, 0x00,
  0x09, 0x00, 0x00, 0x00, 0x5d, 0x07, 0x00, 0x00, 0x3d, 0x04, 0x00, 0x00, 0x5b, 0x07, 0x00, 0x00,
  0x03, 0x00, 0x00, 0x00, 0x4f, 0x00, 0x08, 0x00, 0x1c, 0x00, 0x00, 0x00, 0x3f, 0x04, 0x00, 0x00,
  0x05, 0x04, 0x00, 0x00, 0x05, 0x04, 0x00, 0x00, 0x03, 0x00, 0x00, 0x00, 0x03, 0x00, 0x00, 0x00,
  0x03, 0x00, 0x00, 0x00, 0x4f, 0x00, 0x08, 0x00, 0x1c, 0x00, 0x00, 0x00, 0x41, 0x04, 0x00, 0x00,
  0x2d, 0x05, 0x00, 0x00, 0x2d, 0x05, 0x00, 0x00, 0x00, 0x00, 0x00, 0x00, 0x01, 0x00, 0x00, 0x00,
  0x02, 0x00, 0x00, 0x00, 0x85, 0x00, 0x05, 0x00, 0x1c, 0x00, 0x00, 0x00, 0x42, 0x04, 0x00, 0x00,
  0x3f, 0x04, 0x00, 0x00, 0x41, 0x04, 0x00, 0x00, 0x4f, 0x00, 0x08, 0x00, 0x1c, 0x00, 0x00, 0x00,
  0x44, 0x04, 0x00, 0x00, 0x5d, 0x07, 0x00, 0x00, 0x5d, 0x07, 0x00, 0x00, 0x00, 0x00, 0x00, 0x00,
  0x01, 0x00, 0x00, 0x00, 0x03, 0x00, 0x00, 0x00, 0x81, 0x00, 0x05, 0x00, 0x1c, 0x00, 0x00, 0x00,
  0x45, 0x04, 0x00, 0x00, 0x42, 0x04, 0x00, 0x00, 0x44, 0x04, 0x00, 0x00, 0x51, 0x00, 0x05, 0x00,
  0x06, 0x00, 0x00, 0x00, 0x47, 0x04, 0x00, 0x00, 0x45, 0x04, 0x00, 0x00, 0x00, 0x00, 0x00, 0x00,
  0x52, 0x00, 0x06, 0x00, 0x09, 0x00, 0x00, 0x00, 0x5f, 0x07, 0x00, 0x00, 0x47, 0x04, 0x00, 0x00,
  0x8f, 0x07, 0x00, 0x00, 0x00, 0x00, 0x00, 0x00, 0x51, 0x00, 0x05, 0x00, 0x06, 0x00, 0x00, 0x00,
  0x49, 0x04, 0x00, 0x00, 0x45, 0x04, 0x00, 0x00, 0x01, 0x00, 0x00, 0x00, 0x52, 0x00, 0x06, 0x00,
  0x09, 0x00, 0x00, 0x00, 0x61, 0x07, 0x00, 0x00, 0x49, 0x04, 0x00, 0x00, 0x5f, 0x07, 0x00, 0x00,
  0x01, 0x00, 0x00, 0x00, 0x51, 0x00, 0x05, 0x00, 0x06, 0x00, 0x00, 0x00, 0x4b, 0x04, 0x00, 0x00,
  0x45, 0x04, 0x00, 0x00, 0x02, 0x00, 0x00, 0x00, 0x52, 0x00, 0x06, 0x00, 0x09, 0x00, 0x00, 0x00,
  0x63, 0x07, 0x00, 0x00, 0x4b, 0x04, 0x00, 0x00, 0x61, 0x07, 0x00, 0x00, 0x03, 0x00, 0x00, 0x00,
  0x4f, 0x00, 0x08, 0x00, 0x1c, 0x00, 0x00, 0x00, 0x4d, 0x04, 0x00, 0x00, 0x4b, 0x07, 0x00, 0x00,
  0x4b, 0x07, 0x00, 0x00, 0x00, 0x00, 0x00, 0x00, 0x01, 0x00, 0x00, 0x00, 0x02, 0x00, 0x00, 0x00,
  0x4f, 0x00, 0x08, 0x00, 0x1c, 0x00, 0x00, 0x00, 0x4f, 0x04, 0x00, 0x00, 0x45, 0x07, 0x00, 0x00,
  0x45, 0x07, 0x00, 0x00, 0x03, 0x00, 0x00, 0x00, 0x03, 0x00, 0x00, 0x00, 0x03, 0x00, 0x00, 0x00,
  0x85, 0x00, 0x05, 0x00, 0x1c, 0x00, 0x00, 0x00, 0x50, 0x04, 0x00, 0x00, 0x4d, 0x04, 0x00, 0x00,
  0x4f, 0x04, 0x00, 0x00, 0x4f, 0x00, 0x08, 0x00, 0x1c, 0x00, 0x00, 0x00, 0x52, 0x04, 0x00, 0x00,
  0x63, 0x07, 0x00, 0x00, 0x63, 0x07, 0x00, 0x00, 0x00, 0x00, 0x00, 0x00, 0x01, 0x00, 0x00, 0x00,
  0x03, 0x00, 0x00, 0x00, 0x81, 0x00, 0x05, 0x00, 0x1c, 0x00, 0x00, 0x00, 0x53, 0x04, 0x00, 0x00,
  0x50, 0x04, 0x00, 0x00, 0x52, 0x04, 0x00, 0x00, 0x51, 0x00, 0x05, 0x00, 0x06, 0x00, 0x00, 0x00,
  0x55, 0x04, 0x00, 0x00, 0x53, 0x04, 0x00, 0x00, 0x00, 0x00, 0x00, 0x00, 0x52, 0x00, 0x06, 0x00,
  0x09, 0x00, 0x00, 0x00, 0x65, 0x07, 0x00, 0x00, 0x55, 0x04, 0x00, 0x00, 0x8f, 0x07, 0x00, 0x00,
  0x00, 0x00, 0x00, 0x00, 0x51, 0x00, 0x05, 0x00, 0x06, 0x00, 0x00, 0x00, 0x57, 0x04, 0x00, 0x00,
  0x53, 0x04, 0x00, 0x00, 0x01, 0x00, 0x00, 0x00, 0x52, 0x00, 0x06, 0x00, 0x09, 0x00, 0x00, 0x00,
  0x67, 0x07, 0x00, 0x00, 0x57, 0x04, 0x00, 0x00, 0x65, 0x07, 0x00, 0x00, 0x01, 0x00, 0x00, 0x00,
  0x51, 0x00, 0x05, 0x00, 0x06, 0x00, 0x00, 0x00, 0x59, 0x04, 0x00, 0x00, 0x53, 0x04, 0x00, 0x00,
  0x02, 0x00, 0x00, 0x00, 0x52, 0x00, 0x06, 0x00, 0x09, 0x00, 0x00, 0x00, 0x69, 0x07, 0x00, 0x00,
  0x59, 0x04, 0x00, 0x00, 0x67, 0x07, 0x00, 0x00, 0x03, 0x00, 0x00, 0x00, 0x4f, 0x00, 0x08, 0x00,
  0x1c, 0x00, 0x00, 0x00, 0x5b, 0x04, 0x00, 0x00, 0x05, 0x04, 0x00, 0x00, 0x05, 0x04, 0x00, 0x00,
  0x01, 0x00, 0x00, 0x00, 0x01, 0x00, 0x00, 0x00, 0x01, 0x00, 0x00, 0x00, 0x4f, 0x00, 0x08, 0x00,
  0x1c, 0x00, 0x00, 0x00, 0x5d, 0x04, 0x00, 0x00, 0xd9, 0x05, 0x00, 0x00, 0xd9, 0x05, 0x00, 0x00,
  0x00, 0x00, 0x00, 0x00, 0x01, 0x00, 0x00, 0x00, 0x02, 0x00, 0x00, 0x00, 0x85, 0x00, 0x05, 0x00,
  0x1c, 0x00, 0x00, 0x00, 0x5e, 0x04, 0x00, 0x00, 0x5b, 0x04, 0x00, 0x00, 0x5d, 0x04, 0x00, 0x00,
  0x4f, 0x00, 0x08, 0x00, 0x1c, 0x00, 0x00, 0x00, 0x60, 0x04, 0x00, 0x00, 0x69, 0x07, 0x00, 0x00,
  0x69, 0x07, 0x00, 0x00, 0x00, 0x00, 0x00, 0x00, 0x01, 0x00, 0x00, 0x00, 0x03, 0x00, 0x00, 0x00,
  0x81, 0x00, 0x05, 0x00, 0x1c, 0x00, 0x00, 0x00, 0x61, 0x04, 0x00, 0x00, 0x5e, 0x04, 0x00, 0x00,
  0x60, 0x04, 0x00, 0x00, 0x51, 0x00, 0x05, 0x00, 0x06, 0x00, 0x00, 0x00, 0x63, 0x04, 0x00, 0x00,
  0x61, 0x04, 0x00, 0x00, 0x00, 0x00, 0x00, 0x00, 0x52, 0x00, 0x06, 0x00, 0x09, 0x00, 0x00, 0x00,
  0x6b, 0x07, 0x00, 0x00, 0x63, 0x04, 0x00, 0x00, 0x8f, 0x07, 0x00, 0x00, 0x00, 0x00, 0x00, 0x00,
  0x51, 0x00, 0x05, 0x00, 0x06, 0x00, 0x00, 0x00, 0x65, 0x04, 0x00, 0x00, 0x61, 0x04, 0x00, 0x00,
  0x01, 0x00, 0x00, 0x00, 0x52, 0x00, 0x06, 0x00, 0x09, 0x00, 0x00, 0x00, 0x6d, 0x07, 0x00, 0x00,
  0x65, 0x04, 0x00, 0x00, 0x6b, 0x07, 0x00, 0x00, 0x01, 0x00, 0x00, 0x00, 0x51, 0x00, 0x05, 0x00,
  0x06, 0x00, 0x00, 0x00, 0x67, 0x04, 0x00, 0x00, 0x61, 0x04, 0x00, 0x00, 0x02, 0x00, 0x00, 0x00,
  0x52, 0x00, 0x06, 0x00, 0x09, 0x00, 0x00, 0x00, 0x6f, 0x07, 0x00, 0x00, 0x67, 0x04, 0x00, 0x00,
  0x6d, 0x07, 0x00, 0x00, 0x03, 0x00, 0x00, 0x00, 0x4f, 0x00, 0x08, 0x00, 0x1c, 0x00, 0x00, 0x00,
  0x6c, 0x04, 0x00, 0x00, 0x6f, 0x07, 0x00, 0x00, 0x6f, 0x07, 0x00, 0x00, 0x00, 0x00, 0x00, 0x00,
  0x01, 0x00, 0x00, 0x00, 0x03, 0x00, 0x00, 0x00, 0xf7, 0x00, 0x03, 0x00, 0x64, 0x06, 0x00, 0x00,
  0x00, 0x00, 0x00, 0x00, 0xfb, 0x00, 0x03, 0x00, 0xcb, 0x00, 0x00, 0x00, 0x3f, 0x06, 0x00, 0x00,
  0xf8, 0x00, 0x02, 0x00, 0x3f, 0x06, 0x00, 0x00, 0x41, 0x00, 0x06, 0x00, 0x5b, 0x00, 0x00, 0x00,
  0x59, 0x06, 0x00, 0x00, 0x58, 0x00, 0x00, 0x00, 0x77, 0x00, 0x00, 0x00, 0x8a, 0x07, 0x00, 0x00,
  0x3d, 0x00, 0x04, 0x00, 0x09, 0x00, 0x00, 0x00, 0x5a, 0x06, 0x00, 0x00, 0x59, 0x06, 0x00, 0x00,
  0xf9, 0x00, 0x02, 0x00, 0x64, 0x06, 0x00, 0x00, 0xf8, 0x00, 0x02, 0x00, 0x64, 0x06, 0x00, 0x00,
  0x4f, 0x00, 0x08, 0x00, 0x1c, 0x00, 0x00, 0x00, 0x6e, 0x04, 0x00, 0x00, 0x5a, 0x06, 0x00, 0x00,
  0x5a, 0x06, 0x00, 0x00, 0x00, 0x00, 0x00, 0x00, 0x00, 0x00, 0x00, 0x00, 0x00, 0x00, 0x00, 0x00,
  0x85, 0x00, 0x05, 0x00, 0x1c, 0x00, 0x00, 0x00, 0x6f, 0x04, 0x00, 0x00, 0x6c, 0x04, 0x00, 0x00,
  0x6e, 0x04, 0x00, 0x00, 0x0c, 0x00, 0x07, 0x00, 0x1c, 0x00, 0x00, 0x00, 0xb2, 0x02, 0x00, 0x00,
  0x01, 0x00, 0x00, 0x00, 0x28, 0x00, 0x00, 0x00, 0x6f, 0x04, 0x00, 0x00, 0x67, 0x02, 0x00, 0x00,
  0x41, 0x00, 0x06, 0x00, 0x6a, 0x02, 0x00, 0x00, 0xb3, 0x02, 0x00, 0x00, 0x58, 0x00, 0x00, 0x00,
  0x69, 0x02, 0x00, 0x00, 0xbd, 0x00, 0x00, 0x00, 0x3d, 0x00, 0x04, 0x00, 0x06, 0x00, 0x00, 0x00,
  0xb4, 0x02, 0x00, 0x00, 0xb3, 0x02, 0x00, 0x00, 0x0c, 0x00, 0x08, 0x00, 0x06, 0x00, 0x00, 0x00,
  0xb5, 0x02, 0x00, 0x00, 0x01, 0x00, 0x00, 0x00, 0x2b, 0x00, 0x00, 0x00, 0xb4, 0x02, 0x00, 0x00,
  0xae, 0x00, 0x00, 0x00, 0x0c, 0x01, 0x00, 0x00, 0x51, 0x00, 0x05, 0x00, 0x06, 0x00, 0x00, 0x00,
  0xb6, 0x02, 0x00, 0x00, 0xb2, 0x02, 0x00, 0x00, 0x00, 0x00, 0x00, 0x00, 0x51, 0x00, 0x05, 0x00,
  0x06, 0x00, 0x00, 0x00, 0xb7, 0x02, 0x00, 0x00, 0xb2, 0x02, 0x00, 0x00, 0x01, 0x00, 0x00, 0x00,
  0x51, 0x00, 0x05, 0x00, 0x06, 0x00, 0x00, 0x00, 0xb8, 0x02, 0x00, 0x00, 0xb2, 0x02, 0x00, 0x00,
  0x02, 0x00, 0x00, 0x00, 0x50, 0x00, 0x07, 0x00, 0x09, 0x00, 0x00, 0x00, 0xb9, 0x02, 0x00, 0x00,
  0xb6, 0x02, 0x00, 0x00, 0xb7, 0x02, 0x00, 0x00, 0xb8, 0x02, 0x00, 0x00, 0xb5, 0x02, 0x00, 0x00,
  0x3e, 0x00, 0x03, 0x00, 0x8f, 0x02, 0x00, 0x00, 0xb9, 0x02, 0x00, 0x00, 0xfd, 0x00, 0x01, 0x00,
  0x38, 0x00, 0x01, 0x00,
};
inline constexpr size_t kPixelSpirvBytes = sizeof(kPixelSpirv);

}  // namespace tabletennis::native::player_6ae_geometry_probe_shader
